,date,volume,open,high,low,close,label
0,2012-12-03,3696524900,7582.65,7628.29,7562.19,7599.91,0.0
1,2012-12-04,3947860691,7572.11,7600.98,7536.66,7600.98,0.0
2,2012-12-05,4858910844,7575.63,7650.12,7567.46,7649.05,0.0
3,2012-12-06,4399887242,7660.97,7673.62,7616.79,7623.26,0.0
4,2012-12-07,3888752378,7640.25,7672.92,7631.63,7642.26,0.0
5,2012-12-10,3241143708,7658.39,7669.05,7603.25,7609.5,0.0
6,2012-12-11,3613646561,7621.0,7630.66,7556.67,7613.69,0.0
7,2012-12-12,3634231411,7653.9,7696.02,7645.54,7690.19,2.0
8,2012-12-13,4527314656,7713.69,7757.09,7699.41,7757.09,2.0
9,2012-12-14,4163921898,7722.88,7723.74,7686.32,7698.77,2.0
10,2012-12-17,3806888176,7664.97,7683.32,7603.51,7631.28,0.0
11,2012-12-18,3314197215,7620.29,7643.74,7616.04,7643.74,0.0
12,2012-12-19,3890810776,7671.13,7685.63,7647.01,7677.47,2.0
13,2012-12-20,3696585606,7646.13,7646.13,7574.56,7595.46,0.0
14,2012-12-21,3854713216,7592.57,7608.81,7491.52,7519.93,1.0
15,2012-12-22,2153421811,7537.52,7546.9,7520.8,7540.14,0.0
16,2012-12-24,2593607646,7542.66,7566.09,7520.62,7535.52,0.0
17,2012-12-25,3186672856,7556.24,7654.6,7543.83,7636.57,0.0
18,2012-12-26,3203879587,7646.51,7683.09,7633.83,7634.19,0.0
19,2012-12-27,3031920321,7634.8,7661.01,7622.73,7648.41,0.0
20,2012-12-28,3185729335,7700.87,7708.31,7665.04,7699.5,0.0
21,2013-01-02,3416421980,7738.05,7793.48,7715.26,7779.22,2.0
22,2013-01-03,4480963886,7826.34,7855.16,7815.29,7836.84,2.0
23,2013-01-04,4172906828,7818.27,7818.27,7773.06,7805.99,2.0
24,2013-01-07,3868825706,7797.05,7797.05,7725.47,7755.09,0.0
25,2013-01-08,3738832187,7737.07,7751.8,7692.98,7721.66,0.0
26,2013-01-09,3891674590,7726.4,7763.97,7703.23,7738.64,0.0
27,2013-01-10,5021568159,7780.98,7825.06,7760.09,7811.64,2.0
28,2013-01-11,3732799197,7843.57,7845.36,7801.69,7819.15,2.0
29,2013-01-14,3409241125,7795.68,7823.97,7731.32,7823.97,2.0
30,2013-01-15,4055375585,7823.51,7823.51,7744.39,7765.02,0.0
31,2013-01-16,3659803910,7766.09,7769.18,7700.43,7700.43,1.0
32,2013-01-17,4774599972,7748.57,7774.97,7603.27,7616.64,1.0
33,2013-01-18,3431132485,7697.28,7732.87,7676.11,7732.87,0.0
34,2013-01-21,2622100359,7725.36,7739.37,7674.18,7724.92,0.0
35,2013-01-22,2764855726,7746.79,7759.47,7699.25,7759.1,0.0
36,2013-01-23,2817736446,7773.2,7773.2,7730.1,7744.18,0.0
37,2013-01-24,3202135347,7717.04,7724.68,7653.62,7695.99,1.0
38,2013-01-25,2819972795,7695.25,7704.31,7637.2,7672.58,1.0
39,2013-01-28,2693968132,7685.67,7717.35,7685.67,7714.67,1.0
40,2013-01-29,3309582978,7744.15,7802.0,7739.6,7802.0,0.0
41,2013-01-30,3676369703,7832.95,7847.21,7804.71,7832.98,0.0
42,2013-01-31,3408160592,7832.87,7850.02,7800.9,7850.02,0.0
43,2013-02-01,3109050625,7853.75,7866.23,7832.0,7855.97,0.0
44,2013-02-04,4052564623,7882.76,7929.97,7880.29,7923.16,0.0
45,2013-02-05,3414352426,7896.67,7896.67,7863.91,7886.94,0.0
46,2013-02-06,3820401882,7925.26,7941.65,7906.65,7906.65,0.0
47,2013-02-18,3677764678,8000.69,8005.73,7927.95,7943.53,0.0
48,2013-02-19,3457909490,7974.4,7974.4,7946.09,7960.88,0.0
49,2013-02-20,4367004067,8021.31,8029.1,7995.16,8029.1,2.0
50,2013-02-21,3567015151,8020.52,8020.52,7957.46,7957.46,2.0
51,2013-02-22,3563790326,7947.88,7970.24,7913.16,7947.72,0.0
52,2013-02-23,2965323229,7979.15,7997.94,7965.89,7986.89,2.0
53,2013-02-25,3330313444,7986.87,7995.11,7947.68,7947.68,0.0
54,2013-02-26,3093745869,7891.41,7927.49,7871.23,7880.9,0.0
55,2013-02-27,3081490709,7886.03,7912.85,7873.29,7897.98,0.0
56,2013-03-01,3337408848,7917.72,7964.63,7917.72,7964.63,2.0
57,2013-03-04,3543349884,7966.22,7966.22,7849.52,7867.34,0.0
58,2013-03-05,3593008178,7910.44,7939.85,7882.56,7932.71,0.0
59,2013-03-06,3923678149,7958.11,7982.39,7936.86,7950.3,0.0
60,2013-03-07,3629314119,7950.9,7984.29,7942.37,7960.51,2.0
61,2013-03-08,4161212736,7981.0,8029.14,7981.0,8015.14,2.0
62,2013-03-11,4284798782,8021.88,8089.21,8001.85,8038.72,2.0
63,2013-03-12,4200531442,8039.0,8063.23,7986.59,7994.71,2.0
64,2013-03-13,3736890535,8018.9,8047.56,7962.42,7995.51,2.0
65,2013-03-14,3529811482,8002.42,8002.71,7946.29,7951.76,2.0
66,2013-03-15,4000121730,7989.67,7999.92,7924.94,7927.49,2.0
67,2013-03-18,3407599961,7886.69,7888.16,7807.61,7811.34,0.0
68,2013-03-19,3096067343,7843.47,7863.77,7823.81,7838.47,0.0
69,2013-03-20,3313050060,7834.73,7844.54,7786.56,7798.03,0.0
70,2013-03-21,3029867264,7828.95,7843.16,7811.84,7811.84,0.0
71,2013-03-22,2900280678,7811.52,7832.59,7796.22,7796.22,0.0
72,2013-03-25,2975401895,7862.58,7877.05,7854.47,7856.12,0.0
73,2013-03-26,3034380199,7873.7,7876.68,7845.56,7856.36,0.0
74,2013-03-27,3123936601,7872.75,7894.26,7857.32,7894.12,2.0
75,2013-03-28,3067143706,7905.71,7905.71,7844.84,7866.88,0.0
76,2013-03-29,2709119069,7904.5,7931.7,7883.81,7918.61,2.0
77,2013-04-01,2691053546,7934.25,7937.73,7896.57,7899.24,2.0
78,2013-04-02,2836215107,7897.16,7924.46,7879.55,7913.18,2.0
79,2013-04-03,3097976432,7949.12,7954.15,7913.77,7942.35,2.0
80,2013-04-08,3929740512,7831.22,7843.1,7747.47,7752.79,1.0
81,2013-04-09,3170515082,7766.62,7781.13,7714.93,7728.54,1.0
82,2013-04-10,2879662832,7772.95,7772.95,7739.99,7752.8,1.0
83,2013-04-11,3321592610,7788.58,7857.98,7788.58,7857.98,1.0
84,2013-04-12,3088840924,7861.12,7864.86,7810.54,7821.63,1.0
85,2013-04-15,2974976014,7815.32,7835.12,7753.24,7763.53,1.0
86,2013-04-16,3072808213,7690.91,7801.05,7688.62,7801.05,1.0
87,2013-04-17,3378622988,7822.81,7822.81,7791.53,7809.07,1.0
88,2013-04-18,3336739946,7781.48,7826.13,7757.33,7791.35,1.0
89,2013-04-19,3763283022,7868.9,7933.72,7862.92,7930.8,1.0
90,2013-04-22,3449980965,7976.1,7996.55,7950.01,7970.38,1.0
91,2013-04-23,3488256739,7955.92,7968.79,7913.6,7942.77,1.0
92,2013-04-24,4230701167,7977.4,8025.45,7968.28,8023.71,1.0
93,2013-04-25,3471159101,8015.38,8026.46,7994.19,8021.75,1.0
94,2013-04-26,3865873032,8034.47,8081.37,8020.47,8022.06,1.0
95,2013-04-29,3361986488,8043.71,8046.22,8014.27,8029.74,1.0
96,2013-04-30,4083562772,8065.92,8115.59,8065.92,8093.66,0.0
97,2013-05-02,3886984471,8111.43,8139.49,8095.7,8128.51,0.0
98,2013-05-03,3898459418,8157.51,8175.33,8121.07,8135.03,0.0
99,2013-05-06,3714535181,8188.48,8197.52,8153.96,8169.05,0.0
100,2013-05-07,3572342962,8177.58,8181.8,8145.1,8163.06,0.0
101,2013-05-08,4292800880,8177.94,8284.09,8177.94,8267.09,0.0
102,2013-05-09,4207494379,8314.37,8322.69,8279.46,8285.89,2.0
103,2013-05-10,3869318137,8284.38,8297.33,8258.62,8280.26,2.0
104,2013-05-13,3418289059,8285.45,8296.54,8230.65,8248.32,0.0
105,2013-05-14,3526590029,8272.2,8295.41,8233.98,8251.82,0.0
106,2013-05-15,4088508459,8264.1,8320.32,8251.51,8318.59,2.0
107,2013-05-16,5599922007,8362.49,8414.88,8346.45,8390.05,2.0
108,2013-05-17,4376172344,8377.26,8402.34,8356.79,8368.19,2.0
109,2013-05-20,3666858735,8364.95,8385.68,8347.33,8377.05,2.0
110,2013-05-21,4489778694,8381.36,8420.68,8361.96,8383.05,2.0
111,2013-05-22,4750725313,8414.06,8439.15,8376.21,8398.84,2.0
112,2013-05-23,5514716549,8367.85,8373.09,8235.5,8237.83,2.0
113,2013-05-24,4139883642,8273.21,8277.56,8172.54,8209.78,2.0
114,2013-05-27,3316386166,8218.88,8280.1,8210.32,8280.1,2.0
115,2013-05-28,3512028893,8289.15,8303.71,8261.54,8263.05,2.0
116,2013-05-29,4154548907,8303.2,8344.21,8303.2,8337.9,2.0
117,2013-05-30,4129262224,8316.97,8316.97,8228.8,8243.29,2.0
118,2013-05-31,5184520730,8318.77,8334.44,8237.08,8254.8,2.0
119,2013-06-03,3626255851,8177.97,8225.79,8149.45,8201.02,2.0
120,2013-06-04,3625821845,8243.22,8250.17,8180.39,8191.22,2.0
121,2013-06-05,3840086368,8195.52,8216.31,8161.1,8181.91,2.0
122,2013-06-06,3916207032,8135.56,8162.25,8088.31,8096.14,2.0
123,2013-06-07,4194889914,8113.95,8146.78,8071.98,8095.2,2.0
124,2013-06-10,3216702622,8161.51,8190.87,8142.71,8160.55,2.0
125,2013-06-11,3208860813,8178.95,8178.95,8116.15,8116.15,2.0
126,2013-06-13,3963143317,8041.5,8057.33,7951.66,7951.66,2.0
127,2013-06-14,3627956534,7978.75,7989.19,7912.37,7937.74,2.0
128,2013-06-17,2784515474,7953.65,7999.43,7940.72,7992.89,2.0
129,2013-06-18,3118072627,7994.81,8024.95,7955.74,8011.02,2.0
130,2013-06-19,3225517435,8033.32,8056.19,8005.57,8007.39,2.0
131,2013-06-20,3788215686,7952.36,7962.76,7890.93,7898.91,2.0
132,2013-06-21,5261553229,7778.84,7815.79,7739.09,7793.31,1.0
133,2013-06-24,4014341904,7788.45,7815.1,7744.49,7758.03,1.0
134,2013-06-25,4644435318,7750.34,7792.27,7663.23,7663.23,1.0
135,2013-06-26,4465873963,7789.34,7821.14,7742.2,7784.8,1.0
136,2013-06-27,4330119001,7841.32,7884.13,7834.33,7883.9,1.0
137,2013-06-28,4061176064,7928.54,8062.21,7891.06,8062.21,2.0
138,2013-07-01,3796010435,8011.95,8063.47,7974.15,8036.0,0.0
139,2013-07-02,3567903105,8061.84,8064.12,8012.79,8015.86,0.0
140,2013-07-03,3963116182,7991.53,7995.3,7899.08,7911.42,1.0
141,2013-07-04,3447442194,7919.26,7927.08,7877.06,7893.72,1.0
142,2013-07-05,3656516527,7932.3,8018.93,7926.35,8001.82,0.0
143,2013-07-08,3350595761,7980.11,7992.16,7885.0,7886.34,1.0
144,2013-07-09,3302962375,7891.53,7975.64,7891.37,7971.18,0.0
145,2013-07-10,4075988587,7974.99,8057.92,7974.99,8011.69,0.0
146,2013-07-11,4830116676,8080.97,8179.54,8080.97,8179.54,2.0
147,2013-07-12,3936625900,8187.86,8220.49,8169.92,8220.49,2.0
148,2013-07-15,3758136649,8178.26,8254.68,8175.55,8254.68,2.0
149,2013-07-16,4025922694,8243.62,8260.11,8222.17,8260.11,2.0
150,2013-07-17,4398466575,8239.1,8260.25,8208.71,8258.95,2.0
151,2013-07-18,4514844661,8238.28,8265.7,8181.99,8194.88,2.0
152,2013-07-19,4504053517,8117.94,8139.81,8046.7,8062.03,2.0
153,2013-07-22,3453847966,8092.03,8137.37,8092.03,8105.45,2.0
154,2013-07-23,4615604550,8152.72,8220.89,8145.09,8214.65,2.0
155,2013-07-24,4056224917,8222.85,8233.1,8172.23,8196.19,2.0
156,2013-07-25,3861445706,8173.19,8203.49,8140.41,8163.58,2.0
157,2013-07-26,3408937577,8188.36,8222.82,8135.73,8149.4,2.0
158,2013-07-29,3142985955,8146.14,8163.89,8074.29,8084.5,2.0
159,2013-07-30,3390053940,8113.17,8176.74,8112.91,8163.55,2.0
160,2013-07-31,3845143614,8163.44,8170.57,8107.6,8107.94,2.0
161,2013-08-01,3671676075,8110.73,8113.4,8056.22,8056.22,2.0
162,2013-08-02,4011109307,8114.51,8162.91,8087.1,8099.88,2.0
163,2013-08-05,3550412284,8104.2,8143.44,8075.99,8138.63,2.0
164,2013-08-06,3902801384,8129.85,8129.85,8028.93,8038.91,2.0
165,2013-08-07,3722394097,7993.57,7993.57,7921.29,7921.29,0.0
166,2013-08-08,3712670886,7910.2,7932.35,7894.18,7907.67,0.0
167,2013-08-09,3650073209,7955.0,7955.0,7853.97,7856.14,1.0
168,2013-08-12,3254217828,7878.22,7908.68,7862.04,7903.38,0.0
169,2013-08-13,3721182172,7935.79,7986.27,7935.79,7986.27,2.0
170,2013-08-14,3686770195,7978.74,7981.56,7926.23,7951.33,0.0
171,2013-08-15,3866014984,7903.01,7916.02,7850.27,7887.26,1.0
172,2013-08-16,3659370758,7854.68,7949.43,7850.49,7925.0,0.0
173,2013-08-19,3301823968,7937.45,7944.74,7888.87,7900.21,1.0
174,2013-08-20,3866700252,7896.38,7924.52,7829.78,7832.65,1.0
175,2013-08-22,4088917470,7779.44,7825.56,7737.33,7814.38,1.0
176,2013-08-23,3499474025,7863.73,7895.13,7845.92,7873.31,1.0
177,2013-08-26,2920586170,7906.52,7913.74,7874.05,7894.97,1.0
178,2013-08-27,3444528083,7875.93,7895.23,7820.84,7820.84,1.0
179,2013-08-28,3145138363,7776.87,7834.11,7761.76,7824.54,1.0
180,2013-08-29,3432274342,7841.99,7931.05,7841.99,7917.66,1.0
181,2013-08-30,3639396801,7949.99,8021.89,7936.82,8021.89,0.0
182,2013-09-02,3322699876,8010.15,8052.71,7993.13,8038.86,0.0
183,2013-09-03,3824029457,8095.66,8102.66,8067.62,8088.37,0.0
184,2013-09-04,3644065238,8066.67,8094.12,8041.49,8083.44,0.0
185,2013-09-05,4395684610,8109.24,8169.1,8107.22,8169.1,0.0
186,2013-09-06,4225539734,8180.53,8182.56,8155.5,8164.2,0.0
187,2013-09-09,3857629884,8176.47,8192.11,8117.87,8192.11,0.0
188,2013-09-10,4138024555,8217.21,8238.91,8155.87,8208.77,0.0
189,2013-09-11,3956542269,8174.54,8208.99,8137.07,8208.99,0.0
190,2013-09-12,3930057173,8180.38,8226.61,8177.03,8225.36,0.0
191,2013-09-13,3088068843,8210.15,8228.67,8162.14,8168.2,0.0
192,2013-09-14,2114813237,8169.41,8176.76,8142.48,8142.48,0.0
193,2013-09-16,3360912354,8189.61,8255.34,8189.61,8255.34,0.0
194,2013-09-17,2976525632,8241.03,8249.78,8218.94,8249.78,0.0
195,2013-09-18,3061671134,8248.18,8263.05,8209.18,8209.18,0.0
196,2013-09-23,3613531543,8226.8,8293.03,8221.34,8292.83,0.0
197,2013-09-24,3810926656,8295.5,8310.94,8265.55,8299.12,0.0
198,2013-09-25,3710404094,8283.6,8285.28,8253.43,8283.9,0.0
199,2013-09-26,3542500680,8290.1,8290.1,8184.68,8184.68,0.0
200,2013-09-27,3705523719,8222.13,8244.86,8207.72,8230.68,0.0
201,2013-09-30,3313682792,8174.86,8204.4,8137.11,8173.87,0.0
202,2013-10-01,3361239697,8173.99,8222.38,8172.79,8187.02,0.0
203,2013-10-02,4004860202,8215.96,8228.81,8204.34,8216.52,0.0
204,2013-10-03,5249849734,8231.68,8376.79,8231.68,8359.02,0.0
205,2013-10-04,4233382963,8345.82,8376.06,8336.61,8364.55,0.0
206,2013-10-07,4413800906,8354.91,8361.5,8323.79,8333.66,0.0
207,2013-10-08,4317402936,8340.33,8375.65,8311.59,8375.65,0.0
208,2013-10-09,4305997562,8352.25,8378.37,8330.79,8344.73,0.0
209,2013-10-11,4340289031,8407.45,8433.53,8349.37,8349.37,0.0
210,2013-10-14,3924007278,8339.99,8343.65,8269.16,8273.96,0.0
211,2013-10-15,3953632042,8320.48,8368.02,8320.48,8367.88,2.0
212,2013-10-16,3669610547,8384.03,8384.03,8332.18,8332.18,2.0
213,2013-10-17,3887295477,8390.88,8415.16,8364.89,8374.68,2.0
214,2013-10-18,4048585357,8416.33,8441.19,8390.32,8441.19,2.0
215,2013-10-21,3516731374,8456.68,8459.3,8400.06,8419.32,2.0
216,2013-10-22,3544728152,8407.62,8425.31,8376.27,8418.27,2.0
217,2013-10-23,3616278464,8419.8,8438.95,8380.15,8393.62,2.0
218,2013-10-24,3258704660,8364.45,8413.72,8346.52,8413.72,2.0
219,2013-10-25,3681310925,8380.31,8390.25,8322.15,8346.62,2.0
220,2013-10-28,3202412212,8365.43,8414.81,8348.42,8407.83,2.0
221,2013-10-29,3356116908,8394.85,8432.9,8380.21,8420.98,2.0
222,2013-10-30,3657931961,8429.4,8465.06,8419.21,8465.06,2.0
223,2013-10-31,4012708873,8437.76,8469.58,8424.47,8450.06,2.0
224,2013-11-01,3927695863,8474.47,8476.63,8378.94,8388.18,2.0
225,2013-11-04,3787812653,8371.83,8371.83,8333.63,8354.14,2.0
226,2013-11-05,4093941401,8354.92,8372.8,8262.2,8262.2,0.0
227,2013-11-06,3999927201,8275.07,8297.57,8232.5,8281.97,2.0
228,2013-11-07,3965980572,8298.06,8298.06,8250.72,8283.71,2.0
229,2013-11-08,3490545609,8235.3,8266.72,8216.33,8229.59,0.0
230,2013-11-11,3309894102,8228.9,8242.41,8168.92,8182.56,0.0
231,2013-11-12,3832069897,8233.62,8233.62,8160.17,8195.26,0.0
232,2013-11-13,3371473976,8199.26,8199.26,8104.26,8104.26,1.0
233,2013-11-14,3767853276,8137.82,8161.7,8100.73,8134.91,0.0
234,2013-11-15,3512310491,8168.9,8210.1,8160.28,8177.12,0.0
235,2013-11-18,3309812935,8201.85,8226.61,8186.47,8191.46,0.0
236,2013-11-19,3815307473,8215.0,8260.82,8215.0,8260.21,0.0
237,2013-11-20,3698829633,8250.31,8262.91,8204.46,8204.46,0.0
238,2013-11-21,3509118140,8197.86,8203.45,8093.82,8099.45,1.0
239,2013-11-22,3060399834,8107.98,8142.72,8107.98,8116.78,1.0
240,2013-11-25,3399008367,8182.9,8217.62,8182.9,8187.51,0.0
241,2013-11-26,4424080862,8200.7,8281.38,8187.28,8248.02,0.0
242,2013-11-27,3840156888,8287.63,8312.32,8279.51,8295.88,0.0
243,2013-11-28,4286908194,8320.65,8377.81,8320.65,8362.43,0.0
244,2013-11-29,3969251094,8374.14,8414.79,8365.32,8406.83,0.0
245,2013-12-02,3307304400,8429.24,8437.13,8391.82,8414.61,0.0
246,2013-12-03,3525402841,8407.74,8418.23,8390.73,8392.55,0.0
247,2013-12-04,3964590400,8379.44,8435.23,8375.79,8418.0,0.0
248,2013-12-05,3712162213,8430.53,8437.6,8362.39,8375.54,0.0
249,2013-12-06,3555190662,8372.61,8410.19,8361.99,8367.72,0.0
250,2013-12-09,3749626349,8439.76,8477.87,8433.81,8444.62,0.0
251,2013-12-10,3455185084,8451.81,8459.49,8421.59,8443.39,0.0
252,2013-12-11,4053926011,8450.96,8501.77,8413.52,8433.77,0.0
253,2013-12-12,3298692104,8405.62,8406.93,8361.33,8361.33,0.0
254,2013-12-13,3451078456,8355.01,8391.82,8346.83,8376.94,0.0
255,2013-12-16,3271464953,8368.83,8374.21,8313.87,8313.87,0.0
256,2013-12-17,3383279019,8351.98,8384.26,8351.98,8352.93,0.0
257,2013-12-18,3413692890,8361.75,8375.52,8333.31,8349.04,0.0
258,2013-12-19,3838717965,8400.39,8426.08,8378.78,8407.4,0.0
259,2013-12-20,3728157860,8400.21,8439.37,8392.38,8408.53,0.0
260,2013-12-23,3881611236,8441.16,8477.47,8441.16,8456.46,0.0
261,2013-12-24,3216165182,8473.02,8478.09,8450.49,8450.49,0.0
262,2013-12-25,3199800918,8461.49,8484.05,8457.87,8467.76,0.0
263,2013-12-26,3035044287,8467.73,8492.71,8465.85,8485.89,0.0
264,2013-12-27,3586324985,8490.73,8543.5,8488.44,8535.04,0.0
265,2013-12-30,4059025368,8552.13,8623.43,8552.13,8623.43,2.0
266,2013-12-31,4178303891,8636.5,8647.24,8593.75,8611.51,2.0
267,2014-01-02,4462792827,8618.6,8632.81,8587.54,8612.54,2.0
268,2014-01-03,4406184851,8584.74,8584.74,8537.86,8546.54,2.0
269,2014-01-06,4556810541,8553.0,8568.24,8488.64,8500.01,2.0
270,2014-01-07,4489316946,8515.36,8547.19,8512.3,8512.3,2.0
271,2014-01-08,5447851596,8548.61,8587.08,8548.61,8556.01,2.0
272,2014-01-09,6277065462,8555.8,8569.11,8506.02,8514.68,2.0
273,2014-01-10,4771243707,8559.18,8559.18,8521.5,8529.35,2.0
274,2014-01-13,4633450841,8587.49,8607.23,8558.96,8566.2,2.0
275,2014-01-14,4247023670,8545.46,8568.31,8523.46,8548.14,2.0
276,2014-01-15,5319587288,8567.81,8619.56,8567.81,8602.55,2.0
277,2014-01-16,5077337947,8653.54,8668.95,8610.24,8612.11,2.0
278,2014-01-17,4520607851,8628.49,8628.86,8580.49,8596.0,2.0
279,2014-01-20,4366334148,8595.59,8636.21,8584.5,8621.56,2.0
280,2014-01-21,4815020744,8639.71,8650.14,8599.9,8599.9,2.0
281,2014-01-22,4236741166,8598.98,8633.57,8596.99,8625.3,2.0
282,2014-01-23,4026745869,8644.56,8647.87,8595.1,8595.1,2.0
283,2014-01-24,3568470362,8581.49,8608.64,8577.14,8598.31,2.0
284,2014-01-27,4003706710,8519.48,8519.48,8442.19,8462.57,2.0
285,2014-02-05,4841976045,8290.17,8313.83,8230.46,8264.48,1.0
286,2014-02-06,4387575958,8286.16,8333.56,8284.77,8311.01,1.0
287,2014-02-07,4348437885,8383.99,8409.03,8356.93,8387.35,0.0
288,2014-02-10,3970822789,8416.42,8447.02,8391.95,8391.95,0.0
289,2014-02-11,3914312163,8413.86,8439.33,8401.54,8430.56,0.0
290,2014-02-12,4674053480,8471.51,8510.87,8471.51,8510.87,0.0
291,2014-02-13,4053166036,8506.22,8511.02,8467.7,8467.7,0.0
292,2014-02-14,4320602347,8524.54,8566.99,8508.24,8513.68,0.0
293,2014-02-17,3686837384,8537.83,8558.5,8512.6,8519.55,0.0
294,2014-02-18,3733814444,8530.81,8556.23,8506.06,8556.23,0.0
295,2014-02-19,4186950071,8565.06,8577.01,8543.15,8577.01,0.0
296,2014-02-20,4589537803,8555.27,8567.5,8513.08,8524.62,0.0
297,2014-02-21,4700308126,8571.29,8612.08,8571.29,8601.86,0.0
298,2014-02-24,4508539839,8603.61,8612.21,8541.65,8560.61,0.0
299,2014-02-25,4437477089,8581.14,8598.73,8564.51,8575.62,0.0
300,2014-02-26,4960946789,8569.04,8626.68,8563.87,8600.86,0.0
301,2014-02-27,4544427456,8626.51,8647.9,8615.41,8639.58,0.0
302,2014-03-03,4380579514,8627.15,8628.05,8545.24,8601.98,0.0
303,2014-03-04,4208364875,8583.58,8595.59,8554.54,8554.54,0.0
304,2014-03-05,4487916315,8622.19,8652.22,8622.19,8632.93,0.0
305,2014-03-06,5162262113,8660.29,8719.17,8660.29,8713.79,0.0
306,2014-03-07,5627630997,8754.74,8787.62,8698.6,8713.96,0.0
307,2014-03-10,3996416805,8706.43,8712.88,8651.54,8665.24,0.0
308,2014-03-11,4193335663,8694.96,8716.31,8684.63,8702.33,0.0
309,2014-03-12,4289833498,8671.4,8684.73,8651.99,8684.73,0.0
310,2014-03-13,4981956101,8737.81,8768.66,8732.15,8747.79,0.0
311,2014-03-14,4167290223,8697.73,8709.56,8677.81,8687.63,0.0
312,2014-03-17,4133190944,8697.26,8708.4,8662.49,8700.1,0.0
313,2014-03-18,4636802848,8747.38,8759.55,8713.51,8731.94,0.0
314,2014-03-19,4727772482,8745.02,8749.8,8682.75,8689.46,0.0
315,2014-03-20,4478617817,8638.59,8638.59,8580.4,8597.33,1.0
316,2014-03-21,4411770194,8642.82,8642.82,8562.57,8577.17,1.0
317,2014-03-24,3914766709,8540.27,8605.38,8508.01,8605.38,1.0
318,2014-03-25,4103750597,8589.19,8689.3,8589.19,8689.3,0.0
319,2014-03-26,4653433331,8741.03,8746.71,8717.79,8737.27,0.0
320,2014-03-27,4746817429,8737.56,8780.42,8723.82,8779.57,0.0
321,2014-03-28,4582915112,8779.91,8812.41,8751.07,8774.64,0.0
322,2014-03-31,4079089584,8802.93,8849.28,8769.97,8849.28,0.0
323,2014-04-01,4607052896,8847.34,8873.15,8826.16,8873.15,0.0
324,2014-04-02,5131398638,8906.52,8922.79,8883.14,8905.45,0.0
325,2014-04-03,4817592891,8902.94,8913.74,8871.16,8888.54,0.0
326,2014-04-07,4514514537,8844.91,8876.44,8828.59,8876.44,0.0
327,2014-04-08,4502406930,8878.88,8899.12,8860.7,8888.25,0.0
328,2014-04-09,4660927421,8912.39,8936.57,8912.39,8930.57,0.0
329,2014-04-10,5357312931,8964.34,8978.52,8898.3,8948.1,0.0
330,2014-04-11,4617852385,8900.13,8909.97,8848.24,8908.05,0.0
331,2014-04-14,3831079928,8897.23,8899.51,8852.66,8857.42,0.0
332,2014-04-15,4431826264,8898.65,8918.94,8889.44,8916.71,0.0
333,2014-04-16,4638032795,8921.07,8968.56,8894.29,8923.82,0.0
334,2014-04-17,4916167851,8942.23,8962.66,8921.56,8944.16,0.0
335,2014-04-18,4031283534,8994.77,9002.7,8945.56,8966.66,2.0
336,2014-04-21,3872742985,8961.52,8965.58,8938.47,8951.19,0.0
337,2014-04-22,4766759708,8956.22,8989.06,8955.19,8974.71,2.0
338,2014-04-23,5405089540,9009.59,9022.28,8947.86,8956.92,2.0
339,2014-04-24,4951922338,8968.82,8971.94,8926.55,8945.45,0.0
340,2014-04-25,6357271423,8945.81,8951.06,8749.51,8774.12,0.0
341,2014-04-28,4910988041,8680.14,8825.93,8671.65,8809.71,0.0
342,2014-04-29,4719245735,8845.6,8884.48,8833.37,8872.11,0.0
343,2014-04-30,4980417785,8885.7,8890.09,8791.44,8791.44,0.0
344,2014-05-02,4442476718,8846.86,8875.9,8839.92,8867.32,0.0
345,2014-05-05,4668596837,8895.87,8911.08,8844.45,8870.43,0.0
346,2014-05-06,5198268910,8888.45,8927.39,8853.72,8912.39,0.0
347,2014-05-07,5025079398,8903.72,8911.03,8856.98,8893.22,0.0
348,2014-05-08,5038369634,8925.21,8941.46,8891.74,8930.9,0.0
349,2014-05-09,4821345136,8943.14,8945.63,8878.32,8889.69,0.0
350,2014-05-12,4317054663,8893.72,8898.31,8803.43,8808.61,1.0
351,2014-05-13,4548206919,8865.61,8886.66,8809.06,8817.94,1.0
352,2014-05-14,4486473462,8842.05,8875.16,8812.19,8875.16,0.0
353,2014-05-15,3966012173,8852.92,8880.65,8839.44,8880.65,0.0
354,2014-05-16,3984610339,8857.12,8896.72,8816.92,8888.45,0.0
355,2014-05-19,4044843857,8901.54,8912.35,8877.46,8899.9,0.0
356,2014-05-20,4099695323,8922.08,8930.79,8887.79,8887.79,1.0
357,2014-05-21,3775280471,8894.16,8905.04,8848.53,8862.42,1.0
358,2014-05-22,4527962179,8899.82,8969.63,8899.82,8969.63,0.0
359,2014-05-23,4838914556,8960.79,9008.22,8960.79,9008.22,0.0
360,2014-05-26,4600514746,9040.49,9053.75,9026.77,9036.12,0.0
361,2014-05-27,4438750946,9045.08,9059.19,9035.69,9055.29,0.0
362,2014-05-28,5194553851,9072.04,9125.14,9069.89,9121.71,0.0
363,2014-05-29,5105447828,9123.46,9131.66,9093.57,9109.0,0.0
364,2014-05-30,5857533783,9130.66,9139.57,9075.91,9075.91,0.0
365,2014-06-03,4762101548,9106.61,9128.34,9070.45,9123.46,0.0
366,2014-06-04,5287757880,9135.01,9140.55,9114.18,9119.96,1.0
367,2014-06-05,5628569067,9127.56,9140.72,9094.13,9140.72,1.0
368,2014-06-06,5619838960,9167.83,9174.77,9122.56,9134.46,1.0
369,2014-06-09,5151728625,9153.93,9166.58,9138.93,9162.74,0.0
370,2014-06-10,5209580350,9181.9,9222.37,9171.75,9222.37,0.0
371,2014-06-11,5112244961,9218.5,9229.8,9204.76,9229.8,0.0
372,2014-06-12,5322398114,9209.99,9220.89,9186.79,9204.65,0.0
373,2014-06-13,4643188076,9192.73,9207.74,9171.51,9196.39,1.0
374,2014-06-16,4792106525,9196.23,9214.19,9179.56,9202.93,0.0
375,2014-06-17,5062240697,9223.02,9249.87,9200.86,9240.6,0.0
376,2014-06-18,6007971726,9257.65,9316.64,9204.35,9279.93,0.0
377,2014-06-19,4841052113,9288.69,9324.4,9283.38,9316.81,0.0
378,2014-06-20,4586760315,9330.35,9339.83,9273.79,9273.79,0.0
379,2014-06-23,5358398855,9293.06,9302.65,9225.73,9228.35,0.0
380,2014-06-24,4462633728,9232.35,9276.24,9232.35,9246.2,0.0
381,2014-06-25,4528501538,9250.13,9255.87,9229.8,9242.16,0.0
382,2014-06-26,5452723565,9273.36,9320.94,9271.35,9320.94,0.0
383,2014-06-27,4717360894,9316.89,9330.95,9303.57,9306.83,0.0
384,2014-06-30,5117717846,9332.44,9393.07,9327.89,9393.07,0.0
385,2014-07-01,6051789506,9393.07,9463.06,9374.28,9441.92,0.0
386,2014-07-02,7812593115,9482.0,9547.05,9421.87,9484.96,0.0
387,2014-07-03,6330502291,9468.78,9538.65,9449.78,9526.23,2.0
388,2014-07-04,6094825781,9525.93,9550.11,9482.94,9510.05,2.0
389,2014-07-07,6054387228,9497.27,9520.2,9454.67,9520.2,2.0
390,2014-07-08,5876461422,9515.18,9540.57,9499.17,9530.98,2.0
391,2014-07-09,5606397682,9510.0,9522.99,9478.76,9489.98,2.0
392,2014-07-10,6793776039,9512.89,9568.75,9512.89,9565.12,2.0
393,2014-07-11,6751259072,9561.71,9591.27,9478.07,9495.84,2.0
394,2014-07-14,5827394248,9497.81,9545.99,9488.12,9520.3,2.0
395,2014-07-15,6057222861,9558.42,9593.68,9547.94,9569.17,2.0
396,2014-07-16,6302070654,9570.33,9574.13,9471.65,9484.73,2.0
397,2014-07-17,6543813139,9420.11,9461.86,9373.87,9408.24,2.0
398,2014-07-18,5433411119,9335.38,9421.34,9335.38,9400.97,2.0
399,2014-07-21,4967974576,9453.78,9480.14,9426.3,9440.97,2.0
400,2014-07-22,5241712651,9453.23,9499.36,9418.74,9499.36,2.0
401,2014-07-24,6100095427,9508.26,9538.07,9483.52,9527.54,2.0
402,2014-07-25,5865850915,9519.99,9528.7,9412.48,9439.29,2.0
403,2014-07-28,5889752834,9415.9,9460.43,9385.56,9420.18,2.0
404,2014-07-29,7484381823,9457.8,9483.75,9357.32,9391.88,2.0
405,2014-07-30,6195045121,9409.62,9456.03,9398.82,9447.02,2.0
406,2014-07-31,6057370054,9436.04,9438.97,9313.87,9315.85,2.0
407,2014-08-01,5955410437,9223.75,9274.64,9201.83,9266.51,0.0
408,2014-08-04,5324203289,9280.29,9330.19,9258.18,9330.19,2.0
409,2014-08-05,6143560812,9316.82,9316.82,9141.44,9141.44,1.0
410,2014-08-06,6519699737,9148.36,9163.81,9070.09,9143.97,1.0
411,2014-08-07,5287334461,9162.65,9172.88,9108.85,9131.44,1.0
412,2014-08-08,5268324935,9120.2,9120.2,9014.89,9085.96,1.0
413,2014-08-11,5164710114,9109.83,9184.96,9107.21,9172.91,0.0
414,2014-08-12,5326813251,9188.85,9198.1,9146.98,9163.12,0.0
415,2014-08-13,5314634929,9155.02,9231.66,9147.14,9231.31,0.0
416,2014-08-14,5479696756,9276.41,9282.01,9218.55,9230.61,0.0
417,2014-08-15,4733325206,9243.67,9243.67,9172.91,9206.81,0.0
418,2014-08-18,4711582242,9222.73,9222.73,9128.66,9141.31,1.0
419,2014-08-19,5516771123,9188.63,9255.09,9188.63,9243.78,0.0
420,2014-08-20,5335290938,9278.15,9294.49,9249.31,9288.05,0.0
421,2014-08-21,5082831905,9286.82,9289.02,9217.97,9253.38,0.0
422,2014-08-22,5654010017,9273.07,9380.6,9271.87,9380.1,2.0
423,2014-08-25,4904478521,9393.24,9409.35,9369.24,9390.62,2.0
424,2014-08-26,5307382588,9394.28,9418.77,9386.49,9393.96,2.0
425,2014-08-27,6436920250,9426.29,9491.75,9426.29,9485.59,2.0
426,2014-08-28,6401169322,9499.22,9502.42,9453.49,9478.37,2.0
427,2014-08-29,5227658257,9459.81,9470.15,9425.35,9436.27,2.0
428,2014-09-01,5171496552,9474.41,9532.66,9472.96,9513.06,2.0
429,2014-09-02,5498915476,9503.65,9503.65,9388.13,9399.72,2.0
430,2014-09-03,5333115571,9434.88,9455.78,9396.79,9450.35,2.0
431,2014-09-04,4648234472,9439.76,9439.76,9389.29,9428.89,2.0
432,2014-09-05,4286784006,9446.45,9451.39,9365.7,9407.94,2.0
433,2014-09-09,4431791410,9452.14,9465.93,9426.99,9434.77,2.0
434,2014-09-10,4787466810,9410.62,9410.62,9309.05,9357.61,2.0
435,2014-09-11,4558951480,9376.38,9381.05,9322.95,9322.95,2.0
436,2014-09-12,5096883454,9324.74,9333.28,9223.18,9223.18,2.0
437,2014-09-15,4196418019,9206.41,9242.23,9175.61,9217.46,2.0
438,2014-09-16,4692151585,9218.85,9219.42,9133.4,9133.4,2.0
439,2014-09-17,5109496556,9171.04,9252.38,9159.85,9195.17,2.0
440,2014-09-18,4366794038,9211.8,9237.88,9201.91,9237.03,2.0
441,2014-09-19,4525669609,9268.44,9289.22,9235.44,9240.45,2.0
442,2014-09-22,4629288675,9220.54,9220.54,9106.27,9134.65,2.0
443,2014-09-23,4934030460,9134.29,9147.21,9084.9,9084.9,2.0
444,2014-09-24,4982650538,9071.8,9123.11,9071.8,9098.49,2.0
445,2014-09-25,5684972801,9126.76,9149.41,8982.51,9011.59,2.0
446,2014-09-26,5041065363,8957.56,9001.98,8913.51,8989.82,2.0
447,2014-09-29,4446051375,9018.46,9018.46,8948.09,8960.76,2.0
448,2014-09-30,6193566261,8954.58,8998.83,8860.17,8966.92,2.0
449,2014-10-01,5127144646,8958.87,9014.26,8918.96,8990.26,2.0
450,2014-10-02,4898848303,8959.37,9010.27,8913.01,8975.19,2.0
451,2014-10-03,5162135351,9010.3,9113.8,8998.27,9106.28,2.0
452,2014-10-06,4640657807,9118.28,9122.54,9065.34,9095.14,2.0
453,2014-10-07,4557083633,9065.67,9074.8,8993.45,9040.81,2.0
454,2014-10-08,4567862715,8989.99,9038.61,8955.18,8955.18,2.0
455,2014-10-09,4861748983,9021.31,9054.67,8946.16,8966.44,2.0
456,2014-10-13,5726697023,8767.42,8795.77,8711.39,8711.39,2.0
457,2014-10-14,4652183097,8691.83,8768.39,8684.19,8768.39,2.0
458,2014-10-15,6005060623,8769.39,8776.91,8635.41,8655.51,1.0
459,2014-10-16,6698123047,8602.65,8676.46,8501.29,8633.69,1.0
460,2014-10-17,6652488562,8688.71,8699.77,8512.88,8512.88,1.0
461,2014-10-20,5013329208,8617.08,8679.85,8611.17,8663.14,1.0
462,2014-10-21,4341868278,8676.32,8676.32,8636.67,8654.64,1.0
463,2014-10-22,5432111982,8744.91,8775.35,8729.77,8748.83,0.0
464,2014-10-23,4633009422,8735.38,8751.67,8714.88,8731.07,0.0
465,2014-10-24,4374970829,8740.28,8750.42,8629.24,8646.01,1.0
466,2014-10-27,4301205022,8671.51,8689.67,8607.23,8627.78,1.0
467,2014-10-28,5370693841,8692.52,8788.28,8692.52,8773.55,0.0
468,2014-10-29,6104013163,8821.85,8903.68,8821.85,8903.68,0.0
469,2014-10-30,5441824954,8890.19,8892.99,8842.8,8888.07,0.0
470,2014-10-31,5582825319,8909.34,8974.76,8885.21,8974.76,0.0
471,2014-11-03,5773707055,9009.38,9029.71,8965.5,9004.86,0.0
472,2014-11-04,5192642440,9030.96,9046.22,8980.96,8989.18,0.0
473,2014-11-05,4967487969,8997.76,9013.06,8941.18,8962.6,0.0
474,2014-11-06,5209449351,8968.79,8979.97,8887.36,8891.02,0.0
475,2014-11-07,4962152289,8881.19,8925.62,8867.78,8912.62,0.0
476,2014-11-10,5663032652,8937.59,9062.89,8937.59,9049.98,2.0
477,2014-11-11,5502241947,9067.54,9069.44,9021.54,9034.14,0.0
478,2014-11-12,5424889807,9030.13,9030.13,8894.11,8918.95,0.0
479,2014-11-13,4985468017,8947.97,8980.67,8927.09,8980.67,0.0
480,2014-11-14,4844187009,8992.4,8996.38,8950.23,8982.88,0.0
481,2014-11-17,4840817666,9003.37,9024.0,8878.38,8884.39,0.0
482,2014-11-18,5326764357,8916.08,8944.26,8828.15,8859.07,1.0
483,2014-11-19,5519350213,8896.16,8988.64,8879.29,8963.24,0.0
484,2014-11-20,5864029173,8984.93,9078.87,8984.93,9078.87,2.0
485,2014-11-21,4886182162,9104.34,9111.18,9071.86,9091.53,2.0
486,2014-11-24,4655961899,9144.42,9165.71,9104.54,9122.33,2.0
487,2014-11-25,4948629642,9125.27,9153.55,9098.32,9116.24,2.0
488,2014-11-26,4991899670,9125.08,9146.04,9112.19,9122.39,2.0
489,2014-11-27,5400688686,9153.49,9217.73,9153.49,9165.31,2.0
490,2014-11-28,4432053616,9163.19,9201.8,9158.28,9187.15,2.0
491,2014-12-01,5326844948,9038.41,9164.54,8998.55,9117.71,2.0
492,2014-12-02,5735000868,9098.36,9104.84,9009.69,9034.79,2.0
493,2014-12-03,6881013098,9073.47,9188.32,9045.2,9175.26,2.0
494,2014-12-04,6669075646,9212.85,9251.85,9195.15,9225.11,2.0
495,2014-12-05,5994963162,9220.25,9240.51,9192.29,9206.57,2.0
496,2014-12-08,5494254256,9231.24,9241.63,9174.51,9187.29,2.0
497,2014-12-09,5373019925,9163.43,9177.14,9127.12,9128.9,2.0
498,2014-12-10,5897698926,9115.33,9140.49,9015.52,9032.16,2.0
499,2014-12-11,5320109967,9003.84,9046.4,8971.53,9013.07,2.0
500,2014-12-12,4733158431,9041.54,9084.27,9022.56,9027.33,2.0
501,2014-12-15,4400221515,8987.95,8997.08,8943.04,8985.63,0.0
502,2014-12-16,5054853669,8967.82,9031.07,8950.91,8950.91,0.0
503,2014-12-17,5997169149,8961.64,8972.12,8826.03,8828.36,1.0
504,2014-12-18,5439448706,8912.78,8946.42,8876.88,8878.63,1.0
505,2014-12-19,6501121104,8981.85,9035.77,8953.17,8999.52,0.0
506,2014-12-22,5598240004,9032.42,9099.85,9024.01,9095.0,0.0
507,2014-12-23,5028914953,9123.78,9138.15,9093.43,9097.71,0.0
508,2014-12-24,5943071243,9096.48,9186.18,9096.48,9186.18,0.0
509,2014-12-25,4364007985,9186.83,9198.04,9153.77,9158.7,0.0
510,2014-12-26,3968724081,9171.91,9214.07,9158.39,9214.07,0.0
511,2014-12-27,3132975195,9222.47,9228.65,9197.13,9218.5,0.0
512,2014-12-29,4867306083,9216.43,9313.33,9216.43,9286.28,2.0
513,2014-12-30,4315769777,9299.1,9338.06,9262.7,9268.43,2.0
514,2014-12-31,3476527952,9260.46,9307.26,9252.31,9307.26,2.0
515,2015-01-05,4852267931,9292.31,9292.31,9182.02,9274.11,2.0
516,2015-01-06,6230285882,9209.93,9209.93,9043.44,9048.34,1.0
517,2015-01-07,5479103670,9051.94,9108.66,9050.54,9080.09,1.0
518,2015-01-08,6379855072,9154.03,9246.62,9154.03,9238.03,0.0
519,2015-01-09,5433889277,9247.4,9284.57,9215.58,9215.58,0.0
520,2015-01-12,4986250431,9198.02,9229.65,9178.3,9178.3,0.0
521,2015-01-13,5392992629,9162.77,9253.82,9161.71,9231.8,0.0
522,2015-01-14,5384948484,9235.9,9242.2,9161.71,9180.23,0.0
523,2015-01-15,5382422320,9197.32,9219.43,9149.1,9165.09,0.0
524,2015-01-16,6012829911,9245.77,9256.86,9109.46,9138.29,1.0
525,2015-01-19,5182409108,9183.76,9247.09,9151.82,9174.06,1.0
526,2015-01-20,5309477241,9188.76,9259.31,9177.48,9251.69,1.0
527,2015-01-21,5645662766,9283.79,9319.71,9275.68,9319.71,1.0
528,2015-01-22,5782452728,9336.81,9386.56,9336.81,9369.51,0.0
529,2015-01-23,6246155897,9422.0,9471.8,9422.0,9470.94,0.0
530,2015-01-26,4902892545,9474.56,9478.53,9436.47,9477.67,0.0
531,2015-01-27,4972156408,9505.56,9523.73,9471.19,9521.59,0.0
532,2015-01-28,4709303129,9503.2,9515.29,9471.31,9510.92,0.0
533,2015-01-29,4893263126,9479.36,9482.13,9403.75,9426.9,0.0
534,2015-01-30,4681307142,9452.85,9466.65,9361.91,9361.91,0.0
535,2015-02-02,4198820720,9368.83,9410.43,9352.19,9386.99,0.0
536,2015-02-03,4540480721,9394.47,9460.17,9394.47,9448.73,0.0
537,2015-02-04,5265101501,9477.52,9533.88,9477.52,9513.92,0.0
538,2015-02-05,4297455180,9511.06,9517.42,9472.42,9512.05,0.0
539,2015-02-06,3930850804,9521.88,9521.88,9448.65,9456.18,0.0
540,2015-02-09,3552049489,9465.12,9465.12,9413.18,9421.5,0.0
541,2015-02-10,3926336083,9405.59,9435.07,9390.13,9393.7,0.0
542,2015-02-11,4496931292,9430.17,9488.72,9430.17,9462.22,0.0
543,2015-02-12,3662319286,9496.39,9500.35,9447.19,9496.31,0.0
544,2015-02-13,3395867320,9500.04,9542.09,9499.97,9529.51,0.0
545,2015-02-24,4158918452,9582.39,9638.48,9582.39,9629.37,0.0
546,2015-02-25,4754236685,9655.72,9699.54,9653.77,9699.54,0.0
547,2015-02-26,4438632573,9687.48,9688.07,9610.59,9622.1,0.0
548,2015-03-02,4459205379,9665.11,9690.43,9588.36,9601.36,0.0
549,2015-03-03,4446559381,9628.06,9642.95,9571.64,9605.77,0.0
550,2015-03-04,4539189625,9596.24,9635.18,9580.78,9621.73,0.0
551,2015-03-05,4635460608,9627.04,9631.04,9564.44,9595.09,0.0
552,2015-03-06,4783179259,9587.59,9645.77,9574.55,9645.77,0.0
553,2015-03-09,4400900883,9617.04,9617.04,9549.76,9562.98,0.0
554,2015-03-10,4731732681,9566.25,9583.78,9520.33,9536.53,0.0
555,2015-03-11,5039426812,9503.28,9561.81,9472.54,9523.18,0.0
556,2015-03-12,5614913860,9537.23,9608.02,9530.74,9596.0,0.0
557,2015-03-13,4765227785,9608.44,9633.51,9579.35,9579.35,0.0
558,2015-03-16,4272083203,9583.45,9590.76,9512.91,9512.91,0.0
559,2015-03-17,5065590882,9555.1,9629.8,9539.44,9539.44,0.0
560,2015-03-18,5546829875,9563.74,9653.43,9561.5,9653.43,0.0
561,2015-03-19,6277815299,9668.01,9745.59,9668.01,9736.73,2.0
562,2015-03-20,5786926075,9706.35,9749.69,9705.32,9749.69,2.0
563,2015-03-23,5613302393,9759.88,9775.63,9729.81,9758.09,2.0
564,2015-03-24,5482580883,9759.96,9768.71,9701.33,9731.66,2.0
565,2015-03-25,5204949185,9739.25,9743.58,9653.47,9667.83,0.0
566,2015-03-26,5409431113,9579.63,9619.12,9540.03,9619.12,0.0
567,2015-03-27,5202683098,9593.07,9608.44,9503.72,9503.72,1.0
568,2015-03-30,4730427421,9533.38,9556.25,9503.53,9521.87,1.0
569,2015-03-31,5582681658,9568.38,9594.75,9527.87,9586.44,1.0
570,2015-04-01,4767155415,9575.11,9575.11,9503.53,9507.66,1.0
571,2015-04-02,4444159349,9535.98,9628.95,9535.98,9600.32,0.0
572,2015-04-07,4475869230,9619.97,9653.97,9613.33,9641.9,0.0
573,2015-04-08,4964321091,9646.07,9654.67,9562.0,9571.97,1.0
574,2015-04-09,5487812296,9597.21,9663.05,9559.71,9568.04,1.0
575,2015-04-10,4888368216,9626.88,9648.34,9582.84,9617.7,0.0
576,2015-04-13,4689419992,9622.64,9666.52,9622.59,9666.52,0.0
577,2015-04-14,5377952198,9646.28,9664.1,9631.19,9642.22,0.0
578,2015-04-15,5776807536,9629.7,9654.15,9508.14,9540.06,1.0
579,2015-04-16,5454887647,9578.71,9656.87,9578.71,9656.87,0.0
580,2015-04-17,5148406223,9608.6,9615.52,9570.93,9570.93,1.0
581,2015-04-20,4912281564,9541.83,9572.65,9508.57,9552.85,1.0
582,2015-04-21,5173309030,9554.8,9598.86,9512.64,9533.98,1.0
583,2015-04-22,5740755642,9549.61,9630.79,9549.61,9613.0,0.0
584,2015-04-23,7896791432,9655.3,9814.88,9655.3,9797.49,2.0
585,2015-04-24,7901237149,9839.71,9961.31,9839.71,9913.28,2.0
586,2015-04-27,6949305336,9941.18,10002.58,9937.04,9973.12,2.0
587,2015-04-28,6429869782,9998.08,10014.28,9918.01,9956.83,2.0
588,2015-04-29,6257225514,9934.82,9978.87,9842.5,9853.83,2.0
589,2015-04-30,5308551928,9841.15,9894.9,9820.05,9820.05,2.0
590,2015-05-04,5334499660,9853.51,9871.65,9800.48,9845.04,2.0
591,2015-05-05,5211353324,9849.13,9855.64,9788.13,9820.13,2.0
592,2015-05-06,5746814596,9780.39,9829.43,9735.94,9818.2,2.0
593,2015-05-07,5892695684,9789.82,9789.82,9704.11,9704.11,2.0
594,2015-05-08,4908798351,9724.29,9760.51,9692.0,9692.0,2.0
595,2015-05-11,5667335113,9763.94,9797.19,9635.88,9663.72,2.0
596,2015-05-12,5224330646,9637.71,9702.67,9637.21,9680.73,2.0
597,2015-05-13,5616365961,9697.17,9743.33,9687.66,9724.11,2.0
598,2015-05-14,5719427936,9730.33,9734.55,9600.24,9610.83,2.0
599,2015-05-15,4901351828,9638.06,9644.83,9552.86,9579.48,2.0
600,2015-05-18,5186520947,9603.75,9612.44,9550.76,9606.1,2.0
601,2015-05-19,6558000448,9623.95,9722.8,9623.95,9716.77,2.0
602,2015-05-20,6006601853,9726.02,9736.09,9662.86,9685.31,2.0
603,2015-05-21,5495831940,9647.53,9647.53,9536.16,9578.56,2.0
604,2015-05-22,5692444036,9606.51,9674.77,9606.51,9638.8,2.0
605,2015-05-25,4733534167,9654.28,9654.28,9589.32,9645.17,2.0
606,2015-05-26,5040137033,9688.31,9724.36,9649.62,9669.41,2.0
607,2015-05-27,5959614716,9666.89,9710.29,9648.71,9693.54,2.0
608,2015-05-28,6343828755,9741.57,9766.21,9704.93,9712.84,2.0
609,2015-05-29,6496284596,9727.59,9747.27,9693.0,9701.07,2.0
610,2015-06-01,5117913510,9688.13,9692.34,9589.09,9625.69,2.0
611,2015-06-02,5518704631,9619.88,9657.02,9584.56,9614.26,2.0
612,2015-06-03,5909994969,9617.75,9645.48,9550.44,9556.52,2.0
613,2015-06-04,7512610330,9537.09,9558.77,9325.01,9348.63,0.0
614,2015-06-05,6120810367,9328.02,9371.41,9272.94,9340.13,0.0
615,2015-06-08,5366753133,9324.22,9419.22,9258.98,9368.43,0.0
616,2015-06-09,6363723560,9346.11,9363.52,9191.87,9191.87,2.0
617,2015-06-10,5573210136,9246.66,9334.5,9246.66,9298.5,2.0
618,2015-06-11,5385056243,9330.99,9358.48,9251.18,9302.49,2.0
619,2015-06-12,4438188761,9304.75,9339.33,9263.41,9301.93,2.0
620,2015-06-15,4136644400,9304.66,9324.94,9252.34,9259.48,2.0
621,2015-06-16,4506250142,9272.7,9272.7,9177.95,9212.78,2.0
622,2015-06-17,5035577907,9232.81,9242.22,9170.09,9189.83,2.0
623,2015-06-18,4579457951,9189.44,9243.84,9187.87,9218.37,2.0
624,2015-06-22,4879223517,9247.76,9371.48,9247.76,9341.77,2.0
625,2015-06-23,5460133078,9375.78,9438.39,9375.78,9391.14,2.0
626,2015-06-24,4657385690,9390.27,9409.44,9364.38,9397.31,2.0
627,2015-06-25,5302137304,9415.78,9500.57,9415.78,9476.34,2.0
628,2015-06-26,4405168765,9481.95,9489.91,9442.94,9462.57,2.0
629,2015-06-29,4934402131,9358.96,9358.96,9227.11,9236.1,2.0
630,2015-06-30,4683208727,9223.27,9323.02,9204.45,9323.02,2.0
631,2015-07-01,4656513308,9311.76,9404.76,9298.36,9375.23,2.0
632,2015-07-02,4797356915,9372.46,9400.68,9350.05,9379.24,2.0
633,2015-07-03,4646006972,9369.5,9369.5,9265.14,9358.23,2.0
634,2015-07-06,4427633609,9309.86,9347.54,9255.96,9255.96,2.0
635,2015-07-07,4996360947,9278.33,9332.97,9244.46,9250.16,2.0
636,2015-07-08,7466454956,9225.91,9225.91,8946.75,8976.11,2.0
637,2015-07-09,7077500568,8861.28,8946.24,8750.92,8914.13,2.0
638,2015-07-13,5739250369,8946.72,9041.88,8946.72,9033.92,2.0
639,2015-07-14,5790554239,9061.58,9124.76,9041.76,9041.76,2.0
640,2015-07-15,4863624738,9063.54,9089.47,9005.1,9054.2,2.0
641,2015-07-16,4748227285,9062.76,9085.31,9021.82,9042.21,2.0
642,2015-07-17,4319096945,9060.92,9079.23,9018.0,9045.98,2.0
643,2015-07-20,4855463932,9085.0,9124.88,8952.64,8975.0,2.0
644,2015-07-21,4799326733,8997.56,9010.71,8940.38,9005.96,2.0
645,2015-07-22,4619017684,8955.59,8968.39,8896.1,8918.7,2.0
646,2015-07-23,5768014528,8865.36,8895.88,8751.71,8791.12,2.0
647,2015-07-24,4406134242,8809.65,8811.76,8733.43,8767.86,2.0
648,2015-07-27,5521284502,8733.24,8733.24,8553.09,8556.68,2.0
649,2015-07-28,5775877736,8566.42,8635.88,8532.0,8582.49,2.0
650,2015-07-29,5454927450,8587.7,8619.41,8516.23,8563.48,2.0
651,2015-07-30,5572493165,8567.23,8697.18,8567.23,8651.49,2.0
652,2015-07-31,4714909313,8670.92,8676.29,8591.37,8665.34,2.0
653,2015-08-03,4456854578,8636.53,8636.53,8482.92,8524.41,2.0
654,2015-08-04,5903371379,8538.44,8590.3,8433.92,8510.86,2.0
655,2015-08-05,4970382345,8504.94,8563.01,8486.27,8542.27,2.0
656,2015-08-06,5123559195,8564.55,8586.24,8404.67,8449.56,2.0
657,2015-08-07,4117657825,8409.01,8458.04,8368.4,8442.29,2.0
658,2015-08-10,4768399796,8410.63,8484.18,8374.08,8466.84,2.0
659,2015-08-11,5618074296,8542.13,8586.22,8393.08,8394.14,2.0
660,2015-08-12,5511020287,8365.15,8376.59,8235.95,8283.38,2.0
661,2015-08-13,5227215110,8284.96,8348.39,8271.69,8311.74,2.0
662,2015-08-14,4284159349,8315.14,8343.98,8283.35,8305.64,2.0
663,2015-08-17,4005646949,8307.9,8308.54,8213.42,8213.42,2.0
664,2015-08-18,4431352875,8237.08,8277.22,8166.77,8177.22,2.0
665,2015-08-19,5729045452,8182.81,8182.81,7987.57,8021.84,2.0
666,2015-08-20,4817633589,8008.68,8063.8,7951.72,8029.81,2.0
667,2015-08-21,5463799629,7941.95,7941.95,7786.92,7786.92,2.0
668,2015-08-24,7568799118,7719.63,7719.63,7203.07,7410.34,1.0
669,2015-08-25,6329377004,7427.36,7677.93,7368.47,7675.64,1.0
670,2015-08-26,5671328509,7636.12,7762.45,7547.61,7715.59,1.0
671,2015-08-27,5626661703,7762.63,7856.4,7762.63,7824.55,1.0
672,2015-08-28,5324229177,7923.77,8039.76,7923.77,8019.18,1.0
673,2015-08-31,4883034485,8026.62,8174.92,7961.77,8174.92,2.0
674,2015-09-01,4641178087,8117.5,8119.9,8002.18,8017.56,1.0
675,2015-09-02,4825522820,7970.4,8068.06,7907.31,8035.29,1.0
676,2015-09-03,4990186150,8071.37,8101.13,8007.48,8095.95,1.0
677,2015-09-04,4737411847,8087.62,8128.23,7990.86,8000.6,1.0
678,2015-09-07,3680391776,7990.76,8053.2,7957.8,7986.56,1.0
679,2015-09-08,3699914682,7993.1,8031.26,7978.78,8001.5,1.0
680,2015-09-09,6099425931,8097.22,8296.13,8097.22,8286.92,0.0
681,2015-09-10,4568406013,8247.64,8274.82,8214.5,8268.68,0.0
682,2015-09-11,3965525525,8271.25,8313.18,8233.14,8305.82,2.0
683,2015-09-14,3831432962,8332.57,8360.03,8259.31,8307.29,2.0
684,2015-09-15,3542239088,8320.22,8327.95,8226.07,8259.99,1.0
685,2015-09-16,4025188269,8298.13,8342.36,8276.94,8333.29,2.0
686,2015-09-17,4910655218,8377.31,8467.15,8377.31,8445.5,2.0
687,2015-09-18,4556547939,8427.52,8488.53,8399.71,8462.14,2.0
688,2015-09-21,3775388802,8404.5,8404.5,8285.43,8307.04,2.0
689,2015-09-22,3812436934,8331.44,8365.92,8325.78,8365.92,2.0
690,2015-09-23,4206525556,8310.82,8310.82,8186.22,8193.42,1.0
691,2015-09-24,4252300158,8224.23,8257.14,8101.9,8123.1,1.0
692,2015-09-25,3660074136,8131.49,8152.5,8061.87,8132.35,1.0
693,2015-09-30,4385018103,8097.15,8181.24,8059.68,8181.24,1.0
694,2015-10-01,4752303138,8194.3,8317.79,8170.78,8295.94,1.0
695,2015-10-02,3917344204,8290.43,8320.66,8253.75,8305.03,1.0
696,2015-10-05,4196667047,8342.99,8364.59,8316.83,8352.36,1.0
697,2015-10-06,5035678132,8409.31,8482.83,8390.89,8394.1,1.0
698,2015-10-07,4977767973,8398.53,8495.23,8385.04,8495.23,1.0
699,2015-10-08,4582747519,8528.46,8544.93,8434.5,8445.96,1.0
700,2015-10-12,4663975109,8478.34,8578.22,8478.34,8573.72,0.0
701,2015-10-13,4628841592,8571.57,8574.11,8518.41,8567.92,0.0
702,2015-10-14,4661254793,8545.14,8553.87,8515.53,8522.51,0.0
703,2015-10-15,4925269611,8573.38,8652.47,8573.38,8601.52,2.0
704,2015-10-16,4770761783,8596.43,8627.83,8574.64,8604.95,2.0
705,2015-10-19,4169249554,8628.79,8670.32,8603.08,8631.5,2.0
706,2015-10-20,4402455182,8651.08,8663.12,8618.48,8653.6,2.0
707,2015-10-21,4797422125,8668.08,8690.39,8591.42,8609.23,2.0
708,2015-10-22,4318482367,8600.4,8631.17,8594.21,8608.46,2.0
709,2015-10-23,4431880673,8671.52,8740.08,8662.03,8673.81,2.0
710,2015-10-26,4041409314,8706.81,8757.14,8706.81,8745.36,2.0
711,2015-10-27,4557627263,8724.0,8733.53,8662.77,8701.32,2.0
712,2015-10-28,4351137856,8679.24,8714.01,8632.38,8665.99,2.0
713,2015-10-29,4608149414,8682.58,8704.59,8568.13,8571.08,2.0
714,2015-10-30,4366502709,8578.25,8586.9,8503.69,8554.31,2.0
715,2015-11-02,3978030515,8571.53,8614.77,8524.01,8614.77,2.0
716,2015-11-03,5032940672,8643.21,8728.06,8643.21,8713.19,2.0
717,2015-11-04,6321826073,8759.94,8864.17,8754.18,8857.02,2.0
718,2015-11-05,5688577616,8858.73,8871.87,8828.04,8850.18,2.0
719,2015-11-06,5328087934,8857.61,8857.61,8671.89,8693.57,2.0
720,2015-11-09,4800751695,8702.67,8746.28,8623.7,8642.48,2.0
721,2015-11-10,4486788135,8614.55,8614.55,8529.54,8536.9,2.0
722,2015-11-11,4958427166,8543.63,8557.69,8415.01,8415.01,2.0
723,2015-11-12,4524702431,8426.76,8467.31,8374.07,8428.09,2.0
724,2015-11-13,3995281198,8402.11,8453.04,8329.5,8329.5,2.0
725,2015-11-16,4162988137,8278.12,8312.06,8217.34,8295.4,2.0
726,2015-11-17,4701111814,8369.14,8471.89,8369.14,8419.42,2.0
727,2015-11-18,4434536103,8432.25,8455.14,8326.72,8340.47,2.0
728,2015-11-19,4519431326,8382.09,8477.2,8357.2,8477.2,2.0
729,2015-11-20,3802180382,8472.65,8484.06,8434.33,8465.45,2.0
730,2015-11-23,3526392145,8480.59,8503.08,8450.01,8485.73,2.0
731,2015-11-24,4230827606,8472.24,8497.83,8397.44,8400.14,2.0
732,2015-11-25,4080689769,8407.54,8426.62,8352.17,8386.13,2.0
733,2015-11-26,4189963481,8411.16,8510.7,8411.16,8484.9,2.0
734,2015-11-27,3541567974,8493.18,8505.08,8397.49,8398.4,2.0
735,2015-11-30,5703618610,8339.83,8339.83,8239.0,8320.61,2.0
736,2015-12-01,4472591068,8359.27,8463.3,8339.5,8463.3,2.0
737,2015-12-02,4638307839,8475.96,8497.19,8441.28,8457.4,2.0
738,2015-12-03,4456284258,8424.54,8484.52,8393.29,8456.06,2.0
739,2015-12-04,4023683559,8423.7,8423.7,8355.75,8398.6,2.0
740,2015-12-07,4093597146,8432.47,8535.36,8432.47,8454.27,2.0
741,2015-12-08,4374180471,8442.06,8453.63,8335.67,8343.86,2.0
742,2015-12-09,4660580997,8329.86,8343.37,8229.62,8229.62,2.0
743,2015-12-10,4578151926,8214.27,8228.43,8133.42,8216.17,2.0
744,2015-12-11,4394623776,8217.33,8253.11,8108.68,8115.89,2.0
745,2015-12-14,3945349964,8058.67,8068.98,7980.59,8040.16,1.0
746,2015-12-15,3902011854,8074.48,8140.06,8073.35,8073.35,2.0
747,2015-12-16,4592907964,8144.03,8204.2,8121.06,8184.66,2.0
748,2015-12-17,5006589120,8214.62,8319.67,8214.62,8319.67,2.0
749,2015-12-18,4300834791,8272.41,8317.48,8241.32,8257.32,2.0
750,2015-12-21,4648276722,8228.05,8289.59,8191.53,8282.17,2.0
751,2015-12-22,4392405268,8283.03,8316.44,8261.72,8292.74,2.0
752,2015-12-23,4533440802,8296.58,8359.25,8296.58,8315.7,2.0
753,2015-12-24,3875484683,8351.2,8393.41,8324.36,8324.36,2.0
754,2015-12-25,2699121219,8328.94,8364.3,8320.1,8363.28,2.0
755,2015-12-28,2661228984,8374.18,8394.6,8358.49,8358.49,2.0
756,2015-12-29,2947257936,8349.27,8351.16,8286.84,8293.91,2.0
757,2015-12-30,3048259878,8313.37,8342.34,8262.52,8279.99,2.0
758,2015-12-31,2499013694,8273.77,8338.06,8258.73,8338.06,2.0
759,2016-01-04,3828317506,8315.79,8326.33,8109.09,8114.26,2.0
760,2016-01-05,4174711678,8105.0,8142.64,8055.96,8075.11,2.0
761,2016-01-06,4862380750,8064.25,8076.54,7948.43,7990.39,2.0
762,2016-01-07,5920713736,7963.24,7980.5,7770.16,7852.06,2.0
763,2016-01-08,4534181205,7811.2,7906.55,7788.71,7893.97,2.0
764,2016-01-11,4324346686,7855.8,7855.8,7726.22,7788.42,1.0
765,2016-01-12,4774778088,7807.93,7851.81,7732.11,7768.45,1.0
766,2016-01-13,4191855350,7799.56,7865.98,7786.33,7824.61,2.0
767,2016-01-14,4276900082,7752.09,7752.09,7662.34,7742.88,1.0
768,2016-01-15,4228452132,7809.0,7842.34,7708.66,7762.01,1.0
769,2016-01-18,4556531786,7678.67,7834.25,7627.89,7811.18,1.0
770,2016-01-19,4401843015,7816.45,7854.88,7786.77,7854.88,2.0
771,2016-01-20,4995793415,7835.17,7835.17,7687.6,7699.12,1.0
772,2016-01-21,4228018052,7713.17,7748.37,7664.01,7664.01,1.0
773,2016-01-22,3770515717,7729.01,7774.12,7706.14,7756.18,1.0
774,2016-01-25,3916387295,7813.73,7899.66,7813.73,7894.15,1.0
775,2016-01-26,3725690246,7832.1,7848.63,7799.58,7828.67,1.0
776,2016-01-27,3921538073,7863.66,7888.63,7830.33,7849.83,1.0
777,2016-01-28,4225736859,7825.22,7921.06,7821.12,7905.1,1.0
778,2016-01-29,5887199015,7880.78,8080.6,7876.82,8080.6,1.0
779,2016-01-30,4060926553,8107.23,8149.5,8106.63,8145.21,1.0
780,2016-02-01,4146109539,8164.24,8166.8,8110.87,8156.96,1.0
781,2016-02-02,3578769995,8141.52,8156.25,8091.14,8131.24,1.0
782,2016-02-03,3340620656,8117.22,8117.22,8036.6,8063.0,1.0
783,2016-02-15,3701233391,7976.65,8074.8,7953.99,8066.51,1.0
784,2016-02-16,4888935526,8090.91,8227.19,8090.91,8212.07,1.0
785,2016-02-17,4533522300,8240.73,8253.8,8196.13,8214.25,1.0
786,2016-02-18,4700434888,8261.74,8337.97,8261.74,8314.67,1.0
787,2016-02-19,3786260216,8291.83,8325.04,8280.39,8325.04,1.0
788,2016-02-22,4117476850,8315.79,8396.62,8296.18,8326.68,1.0
789,2016-02-23,4282835270,8333.59,8361.79,8311.94,8334.64,1.0
790,2016-02-24,4172001674,8332.66,8382.25,8264.39,8282.86,1.0
791,2016-02-25,4825333703,8304.18,8388.63,8304.18,8365.86,1.0
792,2016-02-26,4192508108,8380.53,8432.74,8347.8,8411.16,1.0
793,2016-03-01,4344172230,8381.38,8489.01,8378.06,8485.69,0.0
794,2016-03-02,5383933146,8544.66,8586.25,8540.17,8544.05,0.0
795,2016-03-03,5585659656,8569.05,8630.77,8561.74,8611.79,0.0
796,2016-03-04,4963184767,8611.37,8648.94,8584.06,8643.55,0.0
797,2016-03-07,4985069930,8656.74,8727.88,8632.21,8659.55,0.0
798,2016-03-08,5752490488,8655.86,8668.51,8575.7,8664.31,2.0
799,2016-03-09,4873667413,8649.1,8657.17,8588.41,8634.11,0.0
800,2016-03-10,4847234890,8633.66,8680.43,8614.97,8660.7,0.0
801,2016-03-11,4696453516,8663.29,8707.97,8640.96,8706.14,2.0
802,2016-03-14,4958111936,8746.48,8777.05,8739.57,8747.9,2.0
803,2016-03-15,5749788495,8745.57,8759.94,8589.41,8611.18,0.0
804,2016-03-16,4940468348,8637.63,8699.14,8637.63,8699.14,2.0
805,2016-03-17,5640225790,8763.51,8826.84,8716.88,8734.54,2.0
806,2016-03-18,5058056953,8747.05,8810.71,8747.05,8810.71,2.0
807,2016-03-21,4189171268,8826.16,8840.75,8747.59,8812.7,2.0
808,2016-03-22,4537521519,8806.02,8814.37,8713.24,8785.68,2.0
809,2016-03-23,4146764067,8777.88,8814.5,8734.55,8766.09,2.0
810,2016-03-24,4332890552,8745.42,8765.96,8676.87,8743.38,2.0
811,2016-03-25,3480063136,8758.14,8765.62,8699.89,8704.97,2.0
812,2016-03-28,3632554168,8713.72,8737.86,8676.03,8690.45,2.0
813,2016-03-29,4336733399,8687.06,8711.11,8585.71,8617.35,0.0
814,2016-03-30,4449258360,8624.93,8744.47,8624.93,8737.04,2.0
815,2016-03-31,4483580039,8757.22,8803.91,8695.08,8744.83,2.0
816,2016-04-01,3512441617,8700.38,8704.53,8628.94,8657.55,2.0
817,2016-04-06,4263805995,8605.16,8605.16,8496.89,8513.3,2.0
818,2016-04-07,4325190072,8523.25,8529.44,8436.54,8490.25,2.0
819,2016-04-08,4047158746,8464.78,8546.31,8452.05,8541.5,2.0
820,2016-04-11,3619493831,8518.96,8568.44,8476.57,8562.59,2.0
821,2016-04-12,4271104168,8561.21,8613.56,8520.14,8531.18,2.0
822,2016-04-13,4800753162,8562.79,8653.08,8561.9,8652.08,2.0
823,2016-04-14,4320339298,8684.93,8719.15,8653.84,8667.71,2.0
824,2016-04-15,3728792198,8634.23,8700.39,8613.25,8700.39,2.0
825,2016-04-18,3363499191,8681.8,8686.98,8650.13,8666.01,2.0
826,2016-04-19,4134113610,8701.75,8743.35,8627.29,8633.72,2.0
827,2016-04-20,4810411902,8649.09,8695.22,8502.55,8514.48,2.0
828,2016-04-21,3914269493,8549.14,8568.65,8508.92,8568.65,2.0
829,2016-04-22,3830670213,8560.21,8580.33,8501.03,8535.75,2.0
830,2016-04-25,2931595283,8541.14,8560.28,8513.73,8560.28,2.0
831,2016-04-26,3346481055,8556.37,8622.42,8554.55,8581.57,2.0
832,2016-04-27,3487759816,8561.37,8597.64,8537.03,8563.05,2.0
833,2016-04-28,3924535612,8586.92,8595.99,8456.38,8473.87,2.0
834,2016-04-29,3580008782,8424.04,8424.04,8352.23,8377.9,2.0
835,2016-05-03,3754668499,8362.35,8363.59,8268.41,8294.12,2.0
836,2016-05-04,4149875379,8282.52,8285.96,8153.57,8185.47,1.0
837,2016-05-05,3977941297,8182.05,8207.98,8122.34,8167.96,1.0
838,2016-05-06,3953679305,8169.54,8170.68,8104.16,8146.43,1.0
839,2016-05-09,3710952585,8156.65,8177.36,8106.13,8131.83,1.0
840,2016-05-10,3741082502,8119.71,8168.13,8075.58,8156.29,1.0
841,2016-05-11,4047480787,8182.92,8204.51,8115.44,8135.56,1.0
842,2016-05-12,3556435361,8122.78,8162.44,8105.49,8108.05,1.0
843,2016-05-13,4225037084,8095.93,8095.93,7999.98,8053.69,1.0
844,2016-05-16,3236743232,8035.21,8091.48,8003.93,8067.6,1.0
845,2016-05-17,3604249794,8081.89,8151.2,8047.31,8140.48,1.0
846,2016-05-18,3491764921,8115.61,8159.68,8061.26,8159.68,1.0
847,2016-05-19,3094933678,8159.93,8166.96,8067.33,8095.98,1.0
848,2016-05-20,2850865571,8108.68,8165.98,8080.65,8131.26,1.0
849,2016-05-23,4649021224,8150.38,8356.96,8119.71,8344.44,1.0
850,2016-05-24,3555561356,8329.69,8354.62,8298.0,8300.66,1.0
851,2016-05-25,4049980878,8352.84,8417.27,8352.84,8396.2,0.0
852,2016-05-26,3564495997,8400.89,8410.74,8376.6,8394.12,0.0
853,2016-05-27,3409655231,8415.59,8463.61,8415.59,8463.61,0.0
854,2016-05-30,3779180371,8476.62,8563.4,8462.15,8535.87,0.0
855,2016-05-31,4925321959,8532.21,8545.73,8488.9,8535.59,0.0
856,2016-06-01,4102121560,8516.08,8603.63,8514.12,8597.16,0.0
857,2016-06-02,4421236994,8598.47,8635.03,8553.54,8556.02,0.0
858,2016-06-03,3420623169,8565.18,8601.05,8559.77,8587.36,0.0
859,2016-06-04,1895068731,8582.6,8594.35,8570.69,8591.57,0.0
860,2016-06-06,3053231196,8605.15,8664.12,8557.68,8597.11,0.0
861,2016-06-07,3984243487,8622.21,8692.73,8621.46,8679.9,2.0
862,2016-06-08,3682670146,8704.66,8754.82,8690.59,8715.48,2.0
863,2016-06-13,3574312269,8634.24,8634.24,8520.21,8536.22,0.0
864,2016-06-14,3125064758,8513.51,8577.31,8503.42,8576.12,0.0
865,2016-06-15,3593085428,8566.43,8608.29,8524.55,8606.37,0.0
866,2016-06-16,3709135528,8583.19,8584.67,8476.84,8494.14,1.0
867,2016-06-17,3484588797,8538.28,8607.16,8538.28,8568.08,1.0
868,2016-06-20,3001039154,8612.26,8642.15,8604.81,8625.92,1.0
869,2016-06-21,3377528665,8633.21,8684.85,8627.4,8684.85,2.0
870,2016-06-22,3557068248,8675.12,8716.25,8653.04,8716.25,2.0
871,2016-06-23,3111999285,8706.08,8711.21,8662.78,8676.68,2.0
872,2016-06-24,5791547248,8684.53,8691.3,8374.26,8476.99,1.0
873,2016-06-27,3268493657,8406.29,8468.66,8386.27,8458.87,1.0
874,2016-06-28,3822915741,8438.76,8505.51,8396.01,8505.51,1.0
875,2016-06-29,4531025055,8530.37,8609.23,8530.37,8586.56,1.0
876,2016-06-30,4831561362,8615.46,8666.58,8583.77,8666.58,1.0
877,2016-07-01,4252995062,8692.48,8755.62,8680.53,8738.24,0.0
878,2016-07-04,3642526001,8728.32,8782.38,8712.12,8760.58,2.0
879,2016-07-05,3474978856,8738.41,8747.06,8693.76,8716.07,1.0
880,2016-07-06,4209879163,8673.53,8673.53,8569.15,8575.75,1.0
881,2016-07-07,3349857488,8605.38,8653.7,8605.38,8640.91,1.0
882,2016-07-11,4669541115,8728.23,8795.8,8728.23,8786.47,1.0
883,2016-07-12,4699030781,8794.73,8841.46,8794.3,8841.46,0.0
884,2016-07-13,4850884392,8847.04,8865.42,8800.17,8857.75,0.0
885,2016-07-14,4422952583,8837.76,8877.31,8818.26,8866.36,0.0
886,2016-07-15,4874982524,8857.15,8949.85,8857.15,8949.85,0.0
887,2016-07-18,4564796901,8952.61,9008.21,8952.61,9008.21,0.0
888,2016-07-19,4774586439,9018.8,9034.87,8972.83,9034.87,0.0
889,2016-07-20,4447845917,9013.52,9034.13,8969.19,9007.68,0.0
890,2016-07-21,5201516603,9010.22,9075.89,9009.79,9056.56,0.0
891,2016-07-22,4242274452,9055.17,9060.15,9004.24,9013.14,0.0
892,2016-07-25,4007179190,9030.36,9085.91,8916.05,8991.67,0.0
893,2016-07-26,3925613098,8983.55,9024.79,8960.48,9024.79,0.0
894,2016-07-27,4970935255,9058.19,9084.9,9042.14,9063.39,0.0
895,2016-07-28,4766003386,9060.48,9081.4,9015.35,9076.64,0.0
896,2016-07-29,3852627640,9066.37,9071.51,8984.41,8984.41,0.0
897,2016-08-01,3871706261,9008.74,9080.71,9008.74,9080.71,0.0
898,2016-08-02,3884166772,9081.06,9086.42,9052.71,9068.76,0.0
899,2016-08-03,3834059543,9000.82,9033.95,8948.4,9001.71,0.0
900,2016-08-04,3829779330,9009.29,9035.25,8972.31,9024.71,0.0
901,2016-08-05,4226749494,9025.76,9101.71,9023.23,9092.12,0.0
902,2016-08-08,4083690279,9123.07,9153.99,9104.43,9150.26,0.0
903,2016-08-09,4066821718,9154.0,9168.34,9127.63,9155.08,0.0
904,2016-08-10,4225760731,9160.94,9200.42,9131.63,9200.42,2.0
905,2016-08-11,4760190883,9168.7,9187.18,9063.81,9131.83,0.0
906,2016-08-12,4015197342,9135.34,9173.72,9135.34,9150.39,0.0
907,2016-08-15,4100081258,9152.36,9162.02,9117.26,9148.51,0.0
908,2016-08-16,4451022067,9146.09,9165.58,9082.34,9110.36,0.0
909,2016-08-17,3978438268,9121.18,9133.07,9073.27,9117.7,0.0
910,2016-08-18,4015535468,9104.88,9128.8,9093.51,9122.5,2.0
911,2016-08-19,4388582310,9139.69,9175.13,9034.27,9034.27,0.0
912,2016-08-22,3885584470,9004.68,9012.72,8928.33,8981.81,0.0
913,2016-08-23,3836367256,8987.07,9046.3,8986.76,9030.93,0.0
914,2016-08-24,3518670453,9043.13,9054.76,9016.39,9017.38,0.0
915,2016-08-25,4269679972,9034.47,9115.47,9031.34,9115.47,2.0
916,2016-08-26,3595701488,9097.02,9131.72,9092.08,9131.72,2.0
917,2016-08-29,3794844122,9117.53,9136.42,9027.35,9110.17,2.0
918,2016-08-30,3756596422,9113.34,9134.37,9093.87,9110.56,2.0
919,2016-08-31,4267889536,9122.19,9130.76,9044.5,9068.85,0.0
920,2016-09-01,4053283316,9055.73,9069.13,8980.21,9001.15,0.0
921,2016-09-02,4303473486,9015.63,9038.48,8958.81,8987.55,0.0
922,2016-09-05,3605627823,9032.38,9100.05,9032.38,9090.13,2.0
923,2016-09-06,4111738487,9102.83,9181.85,9098.6,9181.85,2.0
924,2016-09-07,4782818269,9202.23,9278.88,9202.23,9259.07,2.0
925,2016-09-08,3981132399,9241.95,9273.57,9224.89,9262.89,2.0
926,2016-09-09,3555480447,9217.37,9217.37,9142.13,9164.88,2.0
927,2016-09-10,2966690082,9084.81,9084.81,9025.53,9053.69,0.0
928,2016-09-12,3634678303,9031.51,9031.51,8947.06,8947.06,0.0
929,2016-09-13,3839352136,8983.95,9014.75,8885.55,8940.83,0.0
930,2016-09-14,3287147362,8913.11,8965.32,8895.85,8902.3,1.0
931,2016-09-19,4055905456,9003.41,9155.38,9003.41,9152.88,0.0
932,2016-09-20,3637156449,9141.21,9173.46,9130.9,9161.58,0.0
933,2016-09-21,3855290963,9141.92,9228.5,9133.16,9228.5,0.0
934,2016-09-22,3664350552,9265.28,9290.76,9207.41,9235.26,0.0
935,2016-09-23,3223134406,9240.25,9284.62,9228.66,9284.62,0.0
936,2016-09-26,2625293453,9229.34,9229.34,9189.49,9194.52,0.0
937,2016-09-29,3723139479,9241.61,9303.13,9238.49,9270.9,0.0
938,2016-09-30,3426034697,9240.44,9240.65,9160.91,9166.85,0.0
939,2016-10-03,3002161742,9219.52,9256.58,9212.38,9234.2,0.0
940,2016-10-04,3066078644,9228.66,9287.77,9224.45,9287.77,0.0
941,2016-10-05,3002597984,9260.69,9276.13,9244.41,9272.28,2.0
942,2016-10-06,3137942343,9263.4,9284.31,9242.83,9284.31,2.0
943,2016-10-07,2981282506,9289.66,9289.95,9249.06,9265.81,2.0
944,2016-10-11,4127460101,9311.79,9327.71,9167.72,9219.82,0.0
945,2016-10-12,3407399739,9201.55,9258.69,9166.58,9252.6,2.0
946,2016-10-13,3342252755,9268.22,9285.05,9187.78,9219.17,2.0
947,2016-10-14,3222233294,9198.26,9216.63,9149.87,9165.17,2.0
948,2016-10-17,3082126225,9150.67,9182.67,9074.99,9176.22,2.0
949,2016-10-18,3058813019,9175.07,9222.58,9157.4,9222.58,2.0
950,2016-10-19,3429784279,9227.98,9298.87,9226.46,9283.99,2.0
951,2016-10-20,3523381006,9288.49,9331.89,9279.15,9317.24,2.0
952,2016-10-21,3773891183,9322.55,9348.09,9292.53,9306.57,2.0
953,2016-10-24,3043948395,9333.94,9343.57,9308.53,9322.5,2.0
954,2016-10-25,3568506720,9338.09,9399.97,9334.8,9385.65,2.0
955,2016-10-26,3200802159,9355.66,9372.74,9338.84,9362.25,2.0
956,2016-10-27,3436938226,9363.9,9370.32,9286.86,9299.55,2.0
957,2016-10-28,3124888852,9307.39,9320.57,9276.71,9306.92,2.0
958,2016-10-31,2933043294,9283.2,9314.34,9194.48,9290.12,2.0
959,2016-11-01,2497659272,9272.3,9289.12,9236.82,9272.7,2.0
960,2016-11-02,3184164932,9230.23,9230.23,9139.04,9139.04,2.0
961,2016-11-03,3204101005,9126.29,9154.19,9067.27,9067.27,0.0
962,2016-11-04,2739339593,9065.11,9098.88,9048.21,9068.15,0.0
963,2016-11-07,2835069903,9102.97,9191.67,9102.97,9189.84,2.0
964,2016-11-08,3072696401,9214.95,9230.2,9165.0,9217.43,2.0
965,2016-11-09,6044384705,9252.27,9296.86,8926.6,8943.2,0.0
966,2016-11-10,4506916209,9070.64,9179.18,9070.64,9152.18,2.0
967,2016-11-11,5065759555,9067.65,9067.65,8949.38,8957.76,1.0
968,2016-11-14,4637858338,8955.27,8991.94,8879.69,8940.4,1.0
969,2016-11-15,4100692578,8927.92,8981.05,8923.36,8931.03,1.0
970,2016-11-16,3914412181,8955.76,9032.31,8955.76,8962.22,1.0
971,2016-11-17,3579224996,8984.57,8998.23,8936.3,8995.26,1.0
972,2016-11-18,3746952412,8991.5,9025.98,8958.22,9008.79,1.0
973,2016-11-21,3751486947,9009.78,9049.76,8986.4,9041.11,0.0
974,2016-11-22,4636095156,9058.58,9161.19,9058.58,9133.39,0.0
975,2016-11-23,4276380428,9146.72,9202.72,9146.72,9178.23,0.0
976,2016-11-24,4041910493,9164.84,9183.16,9137.56,9152.11,0.0
977,2016-11-25,3665470614,9149.35,9191.34,9148.63,9159.07,0.0
978,2016-11-28,4250435547,9167.33,9241.54,9167.33,9222.24,0.0
979,2016-11-29,4314651140,9220.95,9249.06,9192.38,9192.38,0.0
980,2016-11-30,4869513418,9196.09,9240.71,9189.62,9240.71,0.0
981,2016-12-01,4136060659,9245.55,9278.96,9241.78,9263.53,0.0
982,2016-12-02,3786805782,9214.56,9214.56,9165.9,9189.49,0.0
983,2016-12-05,3391496476,9194.46,9212.19,9138.64,9160.66,0.0
984,2016-12-06,3667576986,9209.8,9280.65,9209.8,9250.77,0.0
985,2016-12-07,3636815416,9279.0,9299.92,9247.5,9263.89,0.0
986,2016-12-08,4549781790,9308.9,9376.41,9308.9,9375.86,2.0
987,2016-12-09,3964574188,9383.07,9399.25,9366.86,9392.68,2.0
988,2016-12-12,4035825377,9402.05,9430.34,9336.45,9349.94,2.0
989,2016-12-13,3812248527,9361.97,9382.14,9342.56,9382.14,2.0
990,2016-12-14,3434019334,9395.6,9413.13,9353.25,9368.52,2.0
991,2016-12-15,3836100069,9337.21,9370.51,9309.79,9360.35,2.0
992,2016-12-16,3675553844,9352.27,9379.75,9326.78,9326.78,2.0
993,2016-12-19,3156197159,9316.06,9317.03,9237.98,9239.32,0.0
994,2016-12-20,3372611446,9229.74,9258.69,9199.84,9242.41,0.0
995,2016-12-21,3195514727,9234.94,9263.5,9204.26,9204.26,0.0
996,2016-12-22,3277666436,9204.29,9209.72,9118.75,9118.75,0.0
997,2016-12-23,2935828030,9112.33,9128.83,9078.64,9078.64,0.0
998,2016-12-26,2047647847,9088.99,9127.74,9083.28,9110.54,0.0
999,2016-12-27,2082870472,9120.88,9132.05,9100.83,9109.27,0.0
1000,2016-12-28,2801681236,9120.9,9203.56,9120.9,9201.4,0.0
1001,2016-12-29,2703276096,9172.39,9196.02,9149.16,9153.09,1.0
1002,2016-12-30,2740107596,9186.3,9259.09,9186.3,9253.5,0.0
1003,2017-01-03,2490220049,9252.56,9273.65,9235.95,9272.88,0.0
1004,2017-01-04,2902225383,9279.52,9299.62,9266.03,9286.96,0.0
1005,2017-01-05,3925580780,9282.56,9358.42,9282.45,9358.14,0.0
1006,2017-01-06,3607840930,9371.41,9381.11,9351.25,9372.22,0.0
1007,2017-01-09,3551476599,9376.48,9404.9,9328.19,9342.42,1.0
1008,2017-01-10,3289324247,9344.19,9353.6,9319.45,9349.64,1.0
1009,2017-01-11,3680625074,9370.17,9384.0,9333.49,9345.74,1.0
1010,2017-01-12,3771167251,9356.12,9430.58,9356.12,9410.18,1.0
1011,2017-01-13,3293064718,9373.7,9387.68,9352.08,9378.83,1.0
1012,2017-01-16,3066709541,9356.54,9359.01,9281.21,9292.33,1.0
1013,2017-01-17,3052796892,9301.96,9354.53,9294.68,9354.53,1.0
1014,2017-01-18,3744987831,9344.74,9350.95,9322.44,9341.97,1.0
1015,2017-01-19,3614825738,9324.83,9337.64,9287.54,9318.12,1.0
1016,2017-01-20,3098080735,9326.8,9350.07,9317.62,9331.46,1.0
1017,2017-01-23,3219340160,9363.66,9427.46,9363.66,9424.05,0.0
1018,2017-01-24,3362191880,9423.05,9468.34,9416.06,9447.95,0.0
1019,2017-02-02,5119534614,9502.25,9521.34,9413.77,9428.97,0.0
1020,2017-02-03,5068371711,9450.06,9478.01,9423.93,9455.56,0.0
1021,2017-02-06,5510906552,9467.67,9548.68,9467.67,9538.01,0.0
1022,2017-02-07,4932873379,9527.42,9555.8,9512.56,9554.56,0.0
1023,2017-02-08,5300856389,9540.77,9564.07,9505.79,9543.25,0.0
1024,2017-02-09,5264593609,9555.52,9600.09,9540.51,9590.18,0.0
1025,2017-02-10,6240806015,9612.67,9688.15,9612.67,9665.59,0.0
1026,2017-02-13,5255562269,9690.39,9711.43,9681.1,9710.32,0.0
1027,2017-02-14,5531133656,9726.74,9760.01,9698.29,9718.78,0.0
1028,2017-02-15,5748794719,9724.13,9813.98,9723.04,9799.76,0.0
1029,2017-02-16,5167818860,9826.89,9869.59,9753.16,9771.25,0.0
1030,2017-02-17,4358105024,9779.16,9791.59,9754.54,9759.76,0.0
1031,2017-02-18,3411356161,9771.21,9791.35,9770.75,9779.92,0.0
1032,2017-02-20,4750607829,9795.81,9817.14,9743.36,9753.2,0.0
1033,2017-02-21,4604650193,9761.27,9775.49,9721.36,9763.93,0.0
1034,2017-02-22,4853832134,9786.25,9820.07,9770.1,9778.78,0.0
1035,2017-02-23,4655622523,9774.08,9810.56,9748.94,9769.31,0.0
1036,2017-02-24,4221089121,9757.67,9784.39,9740.18,9750.47,0.0
1037,2017-03-01,4352913007,9751.12,9758.78,9674.78,9674.78,0.0
1038,2017-03-02,4761241087,9727.6,9774.6,9646.34,9691.8,0.0
1039,2017-03-03,4165254128,9672.26,9679.82,9633.88,9648.21,0.0
1040,2017-03-06,3722553150,9647.0,9688.5,9647.0,9682.63,0.0
1041,2017-03-07,3874251922,9690.26,9738.07,9690.2,9738.07,0.0
1042,2017-03-08,4196044437,9744.26,9773.49,9712.5,9753.45,0.0
1043,2017-03-09,4805336100,9740.05,9743.78,9650.32,9658.61,0.0
1044,2017-03-10,4616512391,9653.79,9656.65,9562.75,9627.89,0.0
1045,2017-03-13,4101677979,9656.56,9697.34,9656.56,9697.34,0.0
1046,2017-03-14,4677117001,9720.53,9767.66,9720.53,9744.21,0.0
1047,2017-03-15,3889942507,9741.29,9749.01,9714.58,9740.31,0.0
1048,2017-03-16,4560309831,9768.85,9842.17,9768.85,9837.83,0.0
1049,2017-03-17,4951138499,9845.59,9908.69,9835.51,9908.69,0.0
1050,2017-03-20,4203851177,9905.81,9916.18,9869.35,9912.97,2.0
1051,2017-03-21,4552153526,9923.18,9976.61,9918.39,9972.49,2.0
1052,2017-03-22,4437300856,9911.96,9922.66,9843.07,9922.66,2.0
1053,2017-03-23,4726452783,9921.97,9945.24,9897.45,9930.74,2.0
1054,2017-03-24,4184614572,9914.12,9932.68,9892.31,9902.98,2.0
1055,2017-03-27,4199023557,9907.6,9917.85,9859.53,9876.77,2.0
1056,2017-03-28,4833690290,9909.99,9924.14,9799.28,9876.45,2.0
1057,2017-03-29,4341930175,9887.0,9906.76,9831.63,9856.25,2.0
1058,2017-03-30,4255899858,9869.28,9878.62,9836.33,9848.15,2.0
1059,2017-03-31,4182990319,9846.38,9869.65,9811.52,9811.52,0.0
1060,2017-04-05,4994427771,9856.44,9949.48,9856.44,9949.48,2.0
1061,2017-04-06,4127687529,9946.66,9946.66,9879.85,9897.8,2.0
1062,2017-04-07,4664377829,9892.98,9900.88,9788.52,9873.37,2.0
1063,2017-04-10,4447518686,9880.29,9898.64,9859.03,9882.54,2.0
1064,2017-04-11,4489653247,9881.53,9896.59,9820.41,9832.42,2.0
1065,2017-04-12,4590275231,9831.56,9837.19,9789.59,9817.68,0.0
1066,2017-04-13,4547938309,9808.83,9868.45,9800.8,9836.68,2.0
1067,2017-04-14,4501756551,9806.15,9808.33,9730.94,9732.93,0.0
1068,2017-04-17,4208924311,9740.81,9762.47,9670.11,9716.4,0.0
1069,2017-04-18,3700798457,9735.76,9771.07,9727.26,9746.56,0.0
1070,2017-04-19,4375018595,9725.39,9725.39,9631.64,9639.94,1.0
1071,2017-04-20,3972099050,9639.93,9664.24,9622.25,9632.69,1.0
1072,2017-04-21,3539298570,9657.05,9718.82,9657.05,9717.41,0.0
1073,2017-04-24,3213220312,9742.91,9772.96,9683.7,9717.95,0.0
1074,2017-04-25,4424779652,9737.82,9841.71,9737.82,9841.71,0.0
1075,2017-04-26,4714162637,9859.11,9865.88,9827.47,9856.45,0.0
1076,2017-04-27,3886027373,9859.45,9863.52,9823.85,9860.62,0.0
1077,2017-04-28,4246227339,9868.38,9897.04,9845.84,9872.0,0.0
1078,2017-05-02,4583066720,9926.44,9951.14,9925.75,9941.27,0.0
1079,2017-05-03,3897253613,9957.62,9979.91,9937.99,9955.33,0.0
1080,2017-05-04,3579143799,9962.73,9973.76,9938.96,9967.64,0.0
1081,2017-05-05,3702206175,9954.94,9960.99,9899.94,9899.94,0.0
1082,2017-05-08,3862471049,9934.13,9964.86,9900.07,9937.25,0.0
1083,2017-05-09,4803642000,9967.01,10001.94,9899.08,9915.48,0.0
1084,2017-05-10,4203615748,9935.22,9971.98,9932.17,9968.32,0.0
1085,2017-05-11,4597490855,9968.51,10018.79,9964.3,10001.48,0.0
1086,2017-05-12,4252428079,9981.77,10008.25,9961.37,9986.82,0.0
1087,2017-05-15,4120343547,9978.28,10036.82,9978.28,10036.82,0.0
1088,2017-05-16,4501384032,10037.58,10058.59,9991.08,10031.49,0.0
1089,2017-05-17,3899312658,10019.62,10029.62,9967.97,10013.67,0.0
1090,2017-05-18,3876042835,9952.64,9969.45,9895.65,9969.45,0.0
1091,2017-05-19,3537228615,9970.4,9979.73,9947.14,9947.62,0.0
1092,2017-05-22,3274562987,9965.08,9997.26,9960.94,9997.26,0.0
1093,2017-05-23,3831722898,9994.68,10038.2,9992.58,10007.84,0.0
1094,2017-05-24,3789171772,10014.15,10059.74,10014.15,10044.42,0.0
1095,2017-05-25,4485613092,10059.91,10108.49,10059.2,10108.49,0.0
1096,2017-05-26,3980971963,10090.18,10121.88,10072.84,10101.95,1.0
1097,2017-05-31,4580700178,10095.95,10116.13,10025.88,10040.72,1.0
1098,2017-06-01,3935374785,10064.44,10100.37,10059.93,10087.42,1.0
1099,2017-06-02,4262071599,10117.76,10152.53,10117.06,10152.53,0.0
1100,2017-06-03,2798294261,10155.56,10164.98,10140.28,10158.15,0.0
1101,2017-06-05,4481379792,10164.89,10226.84,10164.89,10226.84,0.0
1102,2017-06-06,4293252680,10213.17,10221.64,10190.39,10206.18,0.0
1103,2017-06-07,4559947908,10216.14,10242.39,10183.15,10209.99,0.0
1104,2017-06-08,4040636518,10215.93,10235.7,10211.0,10225.78,0.0
1105,2017-06-09,4677580150,10238.55,10268.37,10198.8,10199.65,0.0
1106,2017-06-12,3985616060,10137.04,10158.64,10109.96,10109.96,0.0
1107,2017-06-13,3602428296,10109.7,10146.67,10109.7,10128.15,0.0
1108,2017-06-14,4552307234,10142.8,10165.31,10033.25,10072.46,1.0
1109,2017-06-15,3918532212,10079.14,10089.07,10046.8,10088.35,1.0
1110,2017-06-16,4404312440,10078.69,10159.47,10073.12,10156.73,0.0
1111,2017-06-19,4269513695,10162.22,10250.6,10162.22,10250.6,0.0
1112,2017-06-20,4530397192,10286.79,10354.37,10286.79,10324.46,0.0
1113,2017-06-21,5132712376,10310.97,10379.82,10274.75,10349.72,0.0
1114,2017-06-22,4738922736,10369.08,10403.36,10368.93,10399.06,0.0
1115,2017-06-23,4289799239,10403.56,10422.33,10374.01,10377.7,0.0
1116,2017-06-26,5791622097,10341.86,10513.96,10341.86,10513.96,2.0
1117,2017-06-27,5598438384,10513.0,10545.7,10489.1,10512.06,2.0
1118,2017-06-28,6023213594,10459.17,10459.17,10382.81,10390.55,0.0
1119,2017-06-29,5402821207,10442.18,10476.51,10390.9,10421.65,0.0
1120,2017-06-30,4536306301,10367.26,10395.07,10329.84,10395.07,0.0
1121,2017-07-03,4453084827,10368.99,10412.79,10363.5,10412.79,0.0
1122,2017-07-04,4893991008,10397.93,10421.72,10347.78,10347.78,0.0
1123,2017-07-05,4293552119,10352.39,10404.79,10304.74,10404.79,0.0
1124,2017-07-06,3994714104,10380.66,10381.2,10336.32,10368.2,0.0
1125,2017-07-07,3741612587,10343.3,10343.3,10294.69,10297.25,0.0
1126,2017-07-10,3961608955,10310.74,10331.11,10283.95,10289.91,0.0
1127,2017-07-11,4808364004,10313.08,10415.57,10313.08,10415.57,0.0
1128,2017-07-12,5099777806,10396.97,10450.87,10393.54,10420.68,0.0
1129,2017-07-13,5724517384,10418.74,10485.28,10418.74,10460.15,0.0
1130,2017-07-14,4863496117,10450.92,10466.34,10423.4,10443.91,0.0
1131,2017-07-17,4824543675,10467.27,10490.05,10436.31,10457.54,2.0
1132,2017-07-18,4840898103,10447.47,10481.26,10429.85,10481.26,2.0
1133,2017-07-19,5429199016,10472.81,10537.42,10472.81,10506.1,2.0
1134,2017-07-20,5016236548,10513.12,10534.52,10483.54,10499.36,2.0
1135,2017-07-21,4167695472,10468.47,10477.72,10428.56,10436.7,2.0
1136,2017-07-24,3935837624,10426.13,10461.28,10406.81,10461.28,2.0
1137,2017-07-25,4566876036,10455.14,10473.98,10442.85,10463.15,2.0
1138,2017-07-26,5320582357,10477.15,10500.11,10416.57,10419.11,0.0
1139,2017-07-27,5521768225,10427.83,10516.23,10427.83,10508.37,2.0
1140,2017-07-28,4504894920,10480.67,10480.67,10410.53,10423.05,0.0
1141,2017-07-31,4379828777,10396.76,10427.33,10366.17,10427.33,0.0
1142,2017-08-01,5390357272,10408.53,10470.03,10408.53,10437.29,2.0
1143,2017-08-02,5537089480,10479.26,10519.27,10479.26,10519.27,2.0
1144,2017-08-03,5014480467,10464.1,10478.62,10427.72,10469.88,2.0
1145,2017-08-04,5216082839,10470.96,10510.7,10466.25,10506.56,2.0
1146,2017-08-07,5672576274,10521.69,10592.31,10521.69,10579.38,2.0
1147,2017-08-08,5985191067,10598.59,10619.42,10533.72,10568.97,2.0
1148,2017-08-09,5456480435,10523.51,10536.19,10457.52,10470.38,2.0
1149,2017-08-10,6392060155,10470.03,10477.79,10303.47,10329.74,0.0
1150,2017-08-11,5864918084,10267.05,10338.06,10238.5,10329.57,0.0
1151,2017-08-14,5432947274,10347.66,10365.22,10225.28,10225.28,0.0
1152,2017-08-15,5054840403,10271.03,10336.22,10271.03,10311.16,0.0
1153,2017-08-16,5191539359,10302.83,10322.38,10245.72,10290.39,0.0
1154,2017-08-17,5616791323,10302.54,10372.41,10302.54,10369.37,0.0
1155,2017-08-18,5044204395,10324.83,10330.39,10259.83,10321.33,0.0
1156,2017-08-21,4578949234,10316.09,10336.37,10282.72,10326.39,0.0
1157,2017-08-22,5549157467,10353.37,10410.47,10353.37,10392.07,0.0
1158,2017-08-23,5641405263,10418.32,10458.91,10378.01,10406.81,0.0
1159,2017-08-24,5808139755,10414.66,10488.96,10410.73,10488.96,0.0
1160,2017-08-25,6024909572,10497.86,10519.84,10478.72,10515.51,0.0
1161,2017-08-28,5890372644,10502.8,10542.37,10498.88,10525.98,0.0
1162,2017-08-29,5814380272,10518.69,10518.69,10463.22,10496.57,2.0
1163,2017-08-30,5901288169,10511.59,10574.53,10511.59,10569.4,2.0
1164,2017-08-31,5945548107,10586.65,10609.48,10551.95,10585.78,2.0
1165,2017-09-01,6064861953,10576.27,10619.52,10568.72,10594.82,2.0
1166,2017-09-04,5498749075,10585.44,10610.04,10555.34,10569.87,2.0
1167,2017-09-05,5873609014,10584.1,10617.84,10564.26,10617.84,2.0
1168,2017-09-06,6210529776,10593.87,10604.92,10519.71,10547.86,2.0
1169,2017-09-07,6412690437,10564.79,10604.02,10509.91,10538.51,2.0
1170,2017-09-08,5779683575,10553.9,10609.95,10550.72,10609.95,2.0
1171,2017-09-11,5920435072,10630.16,10656.25,10565.78,10572.16,2.0
1172,2017-09-12,5769101200,10610.33,10646.55,10586.28,10610.35,2.0
1173,2017-09-13,5853111895,10596.36,10620.31,10532.88,10532.88,2.0
1174,2017-09-14,5522954635,10533.99,10572.71,10508.72,10553.57,2.0
1175,2017-09-15,6482820450,10556.82,10580.78,10520.15,10580.41,2.0
1176,2017-09-18,6950033376,10590.8,10642.4,10581.81,10631.57,2.0
1177,2017-09-19,6625270739,10653.34,10664.18,10561.21,10576.14,2.0
1178,2017-09-20,5895804384,10568.58,10589.19,10490.71,10519.17,2.0
1179,2017-09-21,5569265779,10506.85,10603.08,10493.95,10578.44,2.0
1180,2017-09-22,5727401460,10571.65,10579.02,10446.45,10449.68,0.0
1181,2017-09-25,5784894485,10442.05,10447.09,10322.1,10335.89,1.0
1182,2017-09-26,5758755103,10333.44,10374.54,10257.02,10257.02,1.0
1183,2017-09-27,5280623838,10322.44,10357.23,10315.97,10326.68,1.0
1184,2017-09-28,5003507875,10351.42,10365.59,10288.24,10296.45,1.0
1185,2017-09-29,4925439728,10319.69,10338.95,10273.6,10329.94,1.0
1186,2017-09-30,3583409388,10362.55,10400.4,10362.55,10383.94,1.0
1187,2017-10-02,4720525520,10425.1,10472.81,10414.53,10465.16,0.0
1188,2017-10-03,4790980468,10462.7,10495.34,10445.86,10469.35,0.0
1189,2017-10-05,4672633583,10473.28,10530.93,10473.28,10518.27,0.0
1190,2017-10-06,4669025799,10538.21,10557.67,10511.5,10532.81,0.0
1191,2017-10-11,5950658523,10576.12,10668.49,10576.12,10641.19,0.0
1192,2017-10-12,5367696788,10668.39,10711.44,10668.39,10711.44,0.0
1193,2017-10-13,5252705145,10712.48,10724.09,10675.83,10724.09,0.0
1194,2017-10-16,5697392917,10735.14,10774.21,10723.37,10774.21,0.0
1195,2017-10-17,5300574136,10790.35,10798.52,10723.15,10723.15,0.0
1196,2017-10-18,5743037974,10773.85,10790.31,10684.32,10720.28,0.0
1197,2017-10-19,5461982551,10745.77,10798.54,10745.77,10760.29,0.0
1198,2017-10-20,5337213956,10737.87,10753.77,10702.56,10728.88,0.0
1199,2017-10-23,4926106311,10759.47,10792.27,10731.9,10735.21,0.0
1200,2017-10-24,5237811759,10749.9,10766.64,10726.25,10743.78,0.0
1201,2017-10-25,5508162643,10771.4,10794.55,10740.07,10750.57,0.0
1202,2017-10-26,5218891689,10735.35,10756.51,10716.52,10734.76,0.0
1203,2017-10-27,6671349862,10757.35,10803.6,10701.08,10709.11,0.0
1204,2017-10-30,5553482791,10777.6,10842.25,10743.13,10756.87,0.0
1205,2017-10-31,5326084818,10768.9,10829.33,10747.37,10793.8,0.0
1206,2017-11-01,5922894127,10816.04,10843.41,10785.32,10806.36,0.0
1207,2017-11-02,5623447218,10797.63,10827.67,10788.51,10788.51,2.0
1208,2017-11-03,5322948383,10797.91,10835.7,10765.31,10800.77,2.0
1209,2017-11-06,5351919578,10856.56,10858.5,10769.19,10786.19,2.0
1210,2017-11-07,6076222808,10820.83,10842.61,10807.89,10840.34,2.0
1211,2017-11-08,5841076483,10839.44,10844.74,10806.01,10818.99,2.0
1212,2017-11-09,6796045791,10802.95,10831.38,10721.87,10743.27,2.0
1213,2017-11-10,5788395239,10713.67,10742.61,10659.29,10732.67,2.0
1214,2017-11-13,6384150746,10728.22,10749.39,10683.92,10683.92,2.0
1215,2017-11-14,6180626160,10716.59,10735.08,10654.58,10687.18,2.0
1216,2017-11-15,5744455073,10662.08,10669.59,10600.26,10630.65,2.0
1217,2017-11-16,5341731411,10629.16,10666.66,10609.23,10625.04,2.0
1218,2017-11-17,5974753724,10673.43,10729.45,10673.43,10701.64,2.0
1219,2017-11-20,5807282048,10706.79,10728.39,10656.18,10664.55,2.0
1220,2017-11-21,7053601407,10688.22,10787.58,10687.26,10779.24,2.0
1221,2017-11-22,8528991161,10815.4,10882.65,10801.1,10822.59,2.0
1222,2017-11-23,6616309822,10837.61,10872.29,10809.09,10854.57,2.0
1223,2017-11-24,6581726455,10847.79,10873.91,10833.78,10854.09,2.0
1224,2017-11-27,6542165679,10836.82,10856.0,10746.74,10750.93,2.0
1225,2017-11-28,6703436361,10733.56,10752.58,10692.53,10707.07,2.0
1226,2017-11-29,6677175383,10735.24,10762.91,10697.62,10713.55,2.0
1227,2017-11-30,8809780282,10623.2,10650.18,10560.44,10560.44,0.0
1228,2017-12-01,7933236119,10591.62,10665.92,10495.15,10600.37,2.0
1229,2017-12-04,6430784687,10617.27,10665.43,10565.68,10651.11,2.0
1230,2017-12-05,6970138923,10607.62,10635.71,10540.74,10566.85,0.0
1231,2017-12-06,7215142961,10541.03,10541.03,10376.65,10393.92,1.0
1232,2017-12-07,6593705046,10404.42,10418.97,10322.76,10355.76,1.0
1233,2017-12-08,6220995884,10406.35,10419.28,10336.26,10398.62,1.0
1234,2017-12-11,6037430874,10438.33,10504.67,10438.33,10473.09,1.0
1235,2017-12-12,5475479592,10488.73,10495.24,10408.06,10443.28,1.0
1236,2017-12-13,5215130556,10447.11,10489.17,10444.7,10470.7,1.0
1237,2017-12-14,5600785133,10494.6,10577.53,10494.6,10538.01,0.0
1238,2017-12-15,5727664985,10517.21,10520.66,10436.11,10491.44,1.0
1239,2017-12-18,4588561055,10478.74,10526.41,10472.39,10506.52,1.0
1240,2017-12-19,5098487325,10508.33,10544.0,10452.08,10467.34,1.0
1241,2017-12-20,5084408110,10470.36,10514.31,10470.36,10504.52,1.0
1242,2017-12-21,5089181777,10526.97,10545.78,10488.97,10488.97,1.0
1243,2017-12-22,4591388453,10503.1,10537.27,10486.52,10537.27,1.0
1244,2017-12-25,4356973081,10546.64,10556.65,10514.54,10522.49,1.0
1245,2017-12-26,5063760784,10526.14,10528.92,10408.12,10421.91,1.0
1246,2017-12-27,4919533526,10419.81,10497.77,10419.81,10486.67,1.0
1247,2017-12-28,5457228746,10513.29,10592.04,10513.29,10567.64,1.0
1248,2017-12-29,5349314892,10590.95,10659.98,10590.95,10642.86,1.0
1249,2018-01-02,5393557894,10664.82,10710.73,10650.77,10710.73,1.0
1250,2018-01-03,6544990989,10759.61,10813.16,10759.61,10801.57,1.0
1251,2018-01-04,6740175303,10834.58,10853.46,10794.25,10848.63,0.0
1252,2018-01-05,6715972144,10856.92,10879.8,10815.68,10879.8,0.0
1253,2018-01-08,6747313493,10899.09,10918.47,10869.12,10915.75,0.0
1254,2018-01-09,6453410283,10922.35,10931.0,10860.77,10914.89,2.0
1255,2018-01-10,6815293008,10915.32,10934.75,10819.25,10831.09,2.0
1256,2018-01-11,5956643953,10824.54,10844.08,10770.1,10810.06,1.0
1257,2018-01-12,6419338409,10818.24,10899.98,10818.24,10883.96,2.0
1258,2018-01-15,6273636454,10932.37,10962.55,10911.89,10956.31,2.0
1259,2018-01-16,6569860182,10955.81,10986.11,10920.5,10986.11,2.0
1260,2018-01-17,7468213298,10976.13,11030.22,10942.95,11004.8,2.0
1261,2018-01-18,7149380963,11048.06,11122.82,11048.06,11071.57,2.0
1262,2018-01-19,6276312147,11123.58,11150.85,11095.85,11150.85,2.0
1263,2018-01-22,7242725457,11169.79,11231.46,11142.38,11231.46,2.0
1264,2018-01-23,7873977230,11243.49,11270.18,11201.52,11253.11,2.0
1265,2018-01-24,7272231969,11228.71,11228.71,11107.32,11152.16,2.0
1266,2018-01-25,7802501963,11154.36,11268.61,11131.85,11165.95,2.0
1267,2018-01-26,6638578790,11152.53,11178.3,11089.48,11147.1,2.0
1268,2018-01-29,6316563408,11202.27,11246.18,11161.83,11221.81,2.0
1269,2018-01-30,6737209253,11189.57,11189.57,11076.78,11076.78,2.0
1270,2018-01-31,6625691373,11054.36,11158.29,11007.89,11103.79,2.0
1271,2018-02-01,6159445664,11139.4,11212.1,11139.4,11160.25,2.0
1272,2018-02-02,5567454998,11151.65,11153.32,11070.43,11126.23,2.0
1273,2018-02-05,6014356481,10970.3,10970.3,10855.43,10946.25,2.0
1274,2018-02-06,10480219602,10761.01,10761.01,10300.4,10404.0,1.0
1275,2018-02-07,7521254378,10547.64,10697.82,10547.64,10551.54,1.0
1276,2018-02-08,6101573814,10559.44,10609.5,10512.93,10528.52,1.0
1277,2018-02-09,6421173807,10371.01,10392.31,10189.04,10371.75,1.0
1278,2018-02-12,4309653550,10429.09,10473.51,10416.01,10421.09,1.0
1279,2018-02-21,6062820063,10559.79,10720.48,10559.79,10714.44,0.0
1280,2018-02-22,6153849673,10698.47,10698.47,10620.8,10662.38,1.0
1281,2018-02-23,6362066582,10688.97,10799.29,10688.97,10794.55,0.0
1282,2018-02-26,6063669788,10827.98,10890.69,10827.98,10836.7,0.0
1283,2018-02-27,6624161500,10896.16,10937.9,10815.47,10815.47,0.0
1284,2018-03-01,6409193106,10779.1,10805.55,10709.69,10785.79,0.0
1285,2018-03-02,5540635421,10719.29,10719.29,10638.98,10698.17,0.0
1286,2018-03-05,5336510339,10727.45,10756.37,10642.9,10642.9,1.0
1287,2018-03-06,5085558928,10711.15,10784.34,10711.15,10784.34,0.0
1288,2018-03-07,5642178343,10762.99,10818.05,10745.32,10745.32,0.0
1289,2018-03-08,6378116374,10788.43,10852.33,10788.43,10823.24,0.0
1290,2018-03-09,6282166877,10847.74,10882.76,10845.38,10864.82,0.0
1291,2018-03-12,6991178817,10908.99,11016.56,10908.99,11002.1,0.0
1292,2018-03-13,6549500632,11022.15,11095.63,11014.87,11095.63,2.0
1293,2018-03-14,5974563971,11063.73,11070.29,11015.47,11038.8,0.0
1294,2018-03-15,5841194632,11039.6,11052.11,11008.18,11018.45,0.0
1295,2018-03-16,6617225747,11010.24,11054.86,10933.46,11027.7,0.0
1296,2018-03-19,5611915481,11004.81,11066.0,10983.25,11046.9,2.0
1297,2018-03-20,5751472968,11016.85,11020.78,10981.04,11010.84,0.0
1298,2018-03-21,6342379504,11037.35,11072.31,11011.07,11011.07,2.0
1299,2018-03-22,7131905911,11045.9,11120.2,10975.33,11005.84,2.0
1300,2018-03-23,6868559459,10863.67,10863.67,10758.06,10823.33,2.0
1301,2018-03-26,5643019867,10783.57,10840.05,10781.43,10840.05,2.0
1302,2018-03-27,6348820225,10901.69,10986.79,10901.69,10986.79,2.0
1303,2018-03-28,5690925732,10939.97,10939.97,10853.48,10865.66,2.0
1304,2018-03-29,5468779969,10855.66,10889.6,10815.46,10845.92,2.0
1305,2018-03-30,5834021898,10905.3,10969.22,10905.3,10906.22,2.0
1306,2018-03-31,4423640021,10925.71,10947.16,10905.69,10919.49,2.0
1307,2018-04-02,5336474517,10936.26,10969.88,10882.05,10888.27,2.0
1308,2018-04-03,5301492210,10837.54,10837.54,10775.45,10821.53,2.0
1309,2018-04-09,5779699197,10880.14,10904.75,10829.02,10893.53,2.0
1310,2018-04-10,6989937175,10885.64,10975.67,10874.83,10927.18,2.0
1311,2018-04-11,6297419793,10961.7,11016.35,10953.31,10974.02,2.0
1312,2018-04-12,5611874271,10984.12,11008.2,10920.62,10955.29,2.0
1313,2018-04-13,6238785909,10975.58,10988.23,10938.37,10965.39,2.0
1314,2018-04-16,6409388023,10962.36,10974.94,10921.17,10954.55,2.0
1315,2018-04-17,6616520955,10953.51,10965.2,10799.07,10810.45,2.0
1316,2018-04-18,6543380349,10842.88,10917.6,10809.89,10847.89,2.0
1317,2018-04-19,7111365126,10891.66,10983.96,10889.71,10971.22,2.0
1318,2018-04-20,6806918316,10802.42,10831.56,10770.05,10779.38,2.0
1319,2018-04-23,6051313412,10756.89,10774.73,10687.25,10697.13,0.0
1320,2018-04-24,6782959305,10680.38,10692.19,10540.15,10579.5,0.0
1321,2018-04-25,6351251370,10541.83,10573.73,10489.2,10559.97,0.0
1322,2018-04-26,6642525657,10583.08,10618.68,10478.98,10488.58,1.0
1323,2018-04-27,5884380348,10546.29,10573.61,10495.67,10553.43,1.0
1324,2018-04-30,6128822684,10553.41,10660.61,10539.63,10657.88,0.0
1325,2018-05-02,6324416080,10665.52,10683.9,10601.1,10618.81,0.0
1326,2018-05-03,5841156553,10578.98,10578.98,10509.03,10514.18,1.0
1327,2018-05-04,5653857640,10516.45,10566.37,10500.97,10529.37,1.0
1328,2018-05-07,6108995691,10581.78,10632.62,10555.56,10604.91,1.0
1329,2018-05-08,7064737649,10610.44,10691.38,10609.04,10691.38,0.0
1330,2018-05-09,7074991040,10692.89,10748.6,10689.81,10703.35,1.0
1331,2018-05-10,7062376802,10731.68,10782.06,10731.68,10760.21,1.0
1332,2018-05-11,7399223416,10808.4,10874.63,10808.4,10858.98,0.0
1333,2018-05-14,7222849033,10938.3,10970.24,10908.86,10952.39,0.0
1334,2018-05-15,7275156962,10965.08,10978.38,10874.73,10874.73,0.0
1335,2018-05-16,7224691612,10873.54,10915.74,10865.07,10897.57,0.0
1336,2018-05-17,6908232453,10911.74,10938.63,10833.81,10833.81,0.0
1337,2018-05-18,6809564130,10844.09,10893.35,10819.07,10830.84,0.0
1338,2018-05-21,7127060919,10861.66,10979.1,10861.66,10966.2,0.0
1339,2018-05-22,7244202099,10986.77,11034.12,10938.73,10938.73,0.0
1340,2018-05-23,6751995051,10974.52,10991.86,10886.18,10886.18,0.0
1341,2018-05-24,6331255981,10910.61,10942.64,10883.52,10936.93,0.0
1342,2018-05-25,6446493244,10946.62,10977.81,10918.12,10942.3,0.0
1343,2018-05-28,6798818929,10976.49,10999.43,10965.18,10987.77,2.0
1344,2018-05-29,6779308332,10979.68,10986.53,10929.56,10964.12,2.0
1345,2018-05-30,7427700284,10925.21,10925.21,10799.75,10821.17,0.0
1346,2018-05-31,8683904322,10856.03,10909.61,10853.65,10874.96,2.0
1347,2018-06-01,6791499798,10882.68,10954.67,10876.97,10949.08,2.0
1348,2018-06-04,7608946367,11002.15,11109.5,11002.15,11109.5,2.0
1349,2018-06-05,7768901127,11130.03,11131.08,11054.62,11100.11,2.0
1350,2018-06-06,8106541820,11111.14,11207.15,11111.14,11201.83,2.0
1351,2018-06-07,8651462832,11228.64,11261.68,11188.99,11251.75,2.0
1352,2018-06-08,7457434235,11243.59,11243.59,11122.98,11156.42,2.0
1353,2018-06-11,6544815539,11168.99,11186.67,11118.81,11149.23,2.0
1354,2018-06-12,7363237748,11140.02,11160.05,11088.53,11144.79,2.0
1355,2018-06-13,7532863350,11153.2,11188.01,11119.24,11173.21,2.0
1356,2018-06-14,7130242175,11143.04,11143.04,11013.98,11013.98,2.0
1357,2018-06-15,7438455164,10998.2,11087.47,10981.61,11087.47,2.0
1358,2018-06-19,7290686719,11008.77,11008.77,10904.19,10904.19,2.0
1359,2018-06-20,7461838541,10904.8,10969.2,10842.56,10927.44,2.0
1360,2018-06-21,6238887073,10949.85,10992.31,10941.07,10941.07,2.0
1361,2018-06-22,6466160866,10901.25,10914.83,10828.86,10899.28,2.0
1362,2018-06-25,5583981499,10834.07,10851.16,10786.46,10786.46,0.0
1363,2018-06-26,6545486831,10730.9,10752.99,10651.42,10742.17,0.0
1364,2018-06-27,6039482471,10766.88,10800.34,10701.03,10701.03,0.0
1365,2018-06-28,5819485996,10669.42,10723.84,10633.01,10654.28,0.0
1366,2018-06-29,5905588515,10667.64,10836.91,10667.64,10836.91,2.0
1367,2018-07-02,6297627910,10852.17,10886.2,10777.94,10777.94,0.0
1368,2018-07-03,6742265650,10802.88,10873.48,10707.68,10715.72,0.0
1369,2018-07-04,5478787032,10714.25,10752.05,10680.44,10721.87,0.0
1370,2018-07-05,5359021884,10690.91,10709.8,10585.27,10611.81,1.0
1371,2018-07-06,6165283695,10645.66,10665.72,10523.58,10608.57,1.0
1372,2018-07-09,6127736656,10638.9,10746.74,10638.9,10720.28,0.0
1373,2018-07-10,6300857261,10737.62,10776.47,10728.24,10756.89,0.0
1374,2018-07-11,5545633962,10693.64,10693.64,10635.03,10676.84,0.0
1375,2018-07-12,5983221321,10644.91,10752.57,10643.65,10738.38,0.0
1376,2018-07-13,6738061000,10769.7,10864.54,10769.7,10864.54,0.0
1377,2018-07-16,5842702203,10867.97,10890.2,10817.45,10817.45,0.0
1378,2018-07-17,5769752253,10802.75,10818.84,10758.83,10778.99,0.0
1379,2018-07-18,6625523497,10811.43,10872.74,10788.37,10842.46,0.0
1380,2018-07-19,5902184753,10868.56,10896.25,10826.14,10835.38,0.0
1381,2018-07-20,5917717874,10932.51,10963.95,10893.73,10932.11,2.0
1382,2018-07-23,5548013259,10929.46,10984.84,10901.75,10946.89,2.0
1383,2018-07-24,5925802969,10937.77,10995.39,10917.61,10995.39,2.0
1384,2018-07-25,5563011487,10957.66,10992.29,10956.0,10965.79,2.0
1385,2018-07-26,5644454704,10969.35,11018.19,10966.33,11010.61,2.0
1386,2018-07-27,5679074504,11023.07,11075.78,11009.16,11075.78,2.0
1387,2018-07-30,5483470910,11072.7,11080.41,11001.15,11033.54,2.0
1388,2018-07-31,5767326753,10997.73,11057.51,10976.46,11057.51,2.0
1389,2018-08-01,5996017371,11062.36,11100.02,11058.28,11098.13,2.0
1390,2018-08-02,6199124933,11095.67,11095.67,10919.13,10929.77,2.0
1391,2018-08-03,4935006119,10957.3,11012.43,10957.3,11012.43,2.0
1392,2018-08-06,5237227569,10997.26,11054.49,10994.97,11024.1,2.0
1393,2018-08-07,5150225796,11024.97,11030.09,10983.44,10983.44,2.0
1394,2018-08-08,5558289226,11026.07,11095.5,11026.07,11075.25,2.0
1395,2018-08-09,5319750759,11063.62,11063.62,11001.96,11028.07,2.0
1396,2018-08-10,5009261499,11009.96,11033.89,10972.25,10983.68,2.0
1397,2018-08-13,6399194482,10939.68,10939.68,10693.73,10748.92,0.0
1398,2018-08-14,5398052266,10797.95,10829.85,10755.53,10824.23,0.0
1399,2018-08-15,5519384107,10827.28,10827.28,10688.59,10716.75,0.0
1400,2018-08-16,5550144713,10663.57,10725.71,10606.26,10683.9,0.0
1401,2018-08-17,4989296065,10702.6,10757.01,10688.55,10690.96,0.0
1402,2018-08-20,4629729381,10698.76,10729.9,10663.44,10699.05,0.0
1403,2018-08-21,4727595568,10697.01,10792.2,10697.01,10792.2,0.0
1404,2018-08-22,4728591327,10790.24,10828.21,10774.69,10804.2,0.0
1405,2018-08-23,4769725906,10817.33,10863.13,10802.79,10863.13,0.0
1406,2018-08-24,4249499478,10865.91,10865.91,10770.32,10809.35,0.0
1407,2018-08-27,4313459806,10847.17,10916.69,10847.17,10902.21,0.0
1408,2018-08-28,4739152956,10946.33,11005.55,10946.33,10989.55,2.0
1409,2018-08-29,4557454639,11029.12,11099.57,11029.11,11099.57,2.0
1410,2018-08-30,4462463812,11153.97,11186.05,11080.07,11093.75,2.0
1411,2018-08-31,4458244404,11037.26,11063.94,10987.68,11063.94,2.0
1412,2018-09-03,4234197702,11087.86,11097.11,10952.85,10964.22,2.0
1413,2018-09-04,4170510917,10981.39,11028.27,10956.49,11021.38,2.0
1414,2018-09-05,4513317388,11042.41,11058.06,10989.93,10995.13,2.0
1415,2018-09-06,4796498118,11016.92,11016.92,10905.34,10924.3,2.0
1416,2018-09-07,5429698576,10922.55,10922.55,10807.56,10846.99,2.0
1417,2018-09-10,5324887957,10869.8,10877.72,10689.29,10725.8,2.0
1418,2018-09-11,4711558008,10723.0,10765.42,10669.59,10752.3,2.0
1419,2018-09-12,4602769731,10762.91,10779.93,10667.25,10722.57,2.0
1420,2018-09-13,4279561828,10726.67,10758.84,10701.25,10727.23,2.0
1421,2018-09-14,4848643672,10776.53,10882.04,10770.47,10868.14,2.0
1422,2018-09-17,4052796855,10881.78,10883.98,10806.73,10828.61,2.0
1423,2018-09-18,4614731238,10794.22,10806.56,10750.81,10760.21,2.0
1424,2018-09-19,4940750820,10808.5,10882.75,10808.5,10857.27,2.0
1425,2018-09-20,4812017707,10886.19,10908.36,10814.54,10831.41,2.0
1426,2018-09-21,5329716851,10857.1,10972.41,10835.84,10972.41,2.0
1427,2018-09-25,4454281369,10959.56,11003.49,10941.77,10978.85,2.0
1428,2018-09-26,4424515006,10974.08,11007.35,10947.29,10974.19,2.0
1429,2018-09-27,4678006285,10973.77,11051.09,10961.27,11034.19,2.0
1430,2018-09-28,4882600441,11050.09,11073.95,10966.96,11006.34,2.0
1431,2018-10-01,3999456337,11014.19,11062.43,11012.95,11051.8,2.0
1432,2018-10-02,4364344732,11048.89,11064.34,10906.42,10919.63,2.0
1433,2018-10-03,3933472751,10918.74,10926.73,10839.46,10863.94,2.0
1434,2018-10-04,4190095302,10826.19,10826.19,10707.76,10718.91,2.0
1435,2018-10-05,5546633629,10665.29,10669.63,10446.94,10517.12,2.0
1436,2018-10-08,4568330051,10467.85,10507.83,10403.13,10455.93,2.0
1437,2018-10-09,4697177996,10464.39,10503.1,10428.97,10466.83,2.0
1438,2018-10-11,8106979104,10272.04,10272.04,9797.93,9806.11,2.0
1439,2018-10-12,5971925811,9811.58,10046.01,9740.76,10045.81,2.0
1440,2018-10-15,4747150473,9989.63,9989.63,9890.47,9901.12,2.0
1441,2018-10-16,4364437995,9891.97,10011.19,9888.73,9981.1,2.0
1442,2018-10-17,4428849977,10048.43,10127.01,9978.25,9979.14,2.0
1443,2018-10-18,3934317954,9975.46,10019.5,9919.79,9953.73,2.0
1444,2018-10-19,5105938592,9879.47,9919.26,9762.91,9919.26,2.0
1445,2018-10-22,4612358819,9871.3,9984.15,9822.15,9974.28,2.0
1446,2018-10-23,4586506051,9912.28,9912.28,9775.2,9775.2,2.0
1447,2018-10-24,5256076794,9774.29,9809.19,9667.85,9759.4,2.0
1448,2018-10-25,5692966580,9622.95,9622.95,9475.61,9520.79,1.0
1449,2018-10-26,5138373822,9570.19,9629.07,9400.69,9489.18,1.0
1450,2018-10-29,4694880424,9515.43,9554.35,9459.12,9516.32,1.0
1451,2018-10-30,4538617371,9508.81,9574.83,9481.66,9526.11,1.0
1452,2018-10-31,5330499460,9588.86,9802.13,9588.86,9802.13,0.0
1453,2018-11-01,5494351265,9812.2,9869.59,9742.61,9844.74,0.0
1454,2018-11-02,6166533874,9871.4,9906.59,9817.29,9906.59,2.0
1455,2018-11-05,4881248460,9856.85,9889.81,9786.25,9889.81,2.0
1456,2018-11-06,4909283053,9888.41,9899.97,9782.86,9824.95,
1457,2018-11-07,4947603515,9818.15,9912.53,9817.95,9908.35,2.0
1458,2018-11-08,5069149565,9958.47,10014.42,9938.55,9945.31,2.0
1459,2018-11-09,4442314349,9921.78,9921.78,9798.45,9830.01,
1460,2018-11-12,4124137532,9806.8,9875.84,9764.46,9831.21,
1461,2018-11-13,5100040520,9727.17,9777.35,9616.16,9775.84,
1462,2018-11-14,4771348161,9799.69,9823.25,9763.89,9791.88,
1463,2018-11-15,4542438638,9806.58,9844.39,9755.12,9826.46,
1464,2018-11-16,4804811233,9819.05,9851.29,9770.87,9797.09,
1465,2018-11-19,4034353937,9795.47,9836.02,9779.4,9828.69,
1466,2018-11-20,3958878143,9788.95,9800.03,9726.8,9743.99,
1467,2018-11-21,4168359212,9698.52,9753.69,9632.47,9741.52,
1468,2018-11-22,4054665951,9769.33,9792.99,9702.77,9714.71,
1469,2018-11-23,3712052867,9730.64,9738.8,9654.91,9667.3,
1470,2018-11-26,3938988241,9679.98,9847.35,9679.98,9765.36,
1471,2018-11-27,4333008909,9728.95,9781.4,9688.74,9778.62,
1472,2018-11-28,5413428690,9774.03,9890.89,9767.14,9884.31,
1473,2018-11-29,5863859324,9959.87,10001.85,9885.36,9885.36,
1474,2018-11-30,6607048362,9899.24,9957.63,9888.03,9888.03,
